7,7,011803,2026-04-22,买入,3,,1000.0000,
8,7,270042,2026-04-27,每日定投,1,daily,10.0000,
9,7,270042,2026-07-21,定投下调,1,daily,5.0000,
10,7,270042,2026-07-29,停止定投,2,,5.0000,
11,7,019851,2026-05-13,买入,3,,1000.0000,
12,7,019851,2026-08-17,买入,3,,1000.0000,
13,7,016452,2026-07-30,每日定投,1,daily,10.0000,
14,7,017641,2026-06-01,每周定投,1,weekly,100.0000,
15,7,017641,2026-06-08,定投下调,1,weekly,10.0000,
16,7,017641,2026-06-29,停止定投,2,,10.0000,
17,7,017641,2026-07-31,每日定投,1,daily,10.0000,
18,7,007721,2026-05-12,买入,3,,100.0000,
19,7,008887,2026-08-03,每日定投,1,daily,10.0000,
20,7,008887,2026-08-06,停止定投,2,,10.0000,
21,7,008887,2026-08-11,每日定投,1,daily,10.0000,
22,7,008887,2026-09-02,每周定投,1,weekly,10.0000,
23,7,161725,2026-07-07,买入,3,,103.7500,
24,7,161725,2026-07-07,每日定投,1,daily,10.0000,
25,7,161725,2026-07-10,结束定投,2,,10.0000,
26,7,161725,2026-07-13,每周定投,1,weekly,100.0000,
27,7,161725,2026-09-07,定投下调,1,weekly,10.0000,
28,7,013402,2026-06-08,买入,3,,70.0000,
29,7,013402,2026-06-09,买入,3,,30.0000,
31,7,013402,2026-06-15,每周定投,1,weekly,100.0000,
32,7,013402,2026-06-29,结束定投,2,,100.0000,
34,7,013402,2026-07-07,买入,3,,103.7300,
35,7,013402,2026-07-13,每周定投,1,weekly,100.0000,
36,7,013402,2026-08-31,结束定投,2,,100.0000,
39,7,013402,2026-09-07,买入,3,,10.0000,
40,7,013402,2026-09-10,卖出,4,,625.8200,卖出 870.41 份 @0.7190（2026-09-09 15:19 下单、过 15:00 截止按次日净值确认，09-11 到账余额宝）
41,7,013402,2026-09-10,每日定投,1,daily,10.0000,
76,7,013402,2026-08-03,定投上调,1,weekly,120.0000,
77,7,013402,2026-08-17,定投下调,1,weekly,100.0000,
78,7,161725,2026-08-03,定投上调,1,weekly,120.0000,
79,7,161725,2026-08-17,定投下调,1,weekly,100.0000,
80,7,270042,2026-05-15,结束定投,2,,10.0000,QDII 暂停申购：平台 05-18~05-22 未成交，暂停定投
81,7,270042,2026-05-26,每日定投,1,daily,10.0000,平台恢复申购，恢复定投
82,7,270042,2026-06-26,结束定投,2,,10.0000,QDII 暂停申购：平台 06-29~07-01 未成交，暂停定投
83,7,270042,2026-07-02,每日定投,1,daily,10.0000,平台恢复申购，恢复定投
84,7,000051,2026-04-15,,3,,300.0000,第一次买入基金
85,7,000051,2026-05-09,估值太高,4,,314.6900,手续费1.58，已经算账里面了
86,7,000051,2026-09-29,估值回归正常，并且手上现金过多,1,daily,10.0000,
