5427,7,011803,2026-04-22,999.2000,0.8000,999.2000,999.2000
5428,7,011803,2026-04-23,0.0000,0.0000,999.2000,996.3279
5429,7,011803,2026-04-24,0.0000,0.0000,999.2000,995.0355
5430,7,011803,2026-04-25,0.0000,0.0000,999.2000,995.0355
5431,7,011803,2026-04-26,0.0000,0.0000,999.2000,995.0355
5432,7,011803,2026-04-27,0.0000,0.0000,999.2000,1000.8515
5433,7,011803,2026-04-28,0.0000,0.0000,999.2000,998.6256
5434,7,011803,2026-04-29,0.0000,0.0000,999.2000,1001.8567
5435,7,011803,2026-04-30,0.0000,0.0000,999.2000,1006.0930
5436,7,011803,2026-05-01,0.0000,0.0000,999.2000,1006.0930
5437,7,011803,2026-05-02,0.0000,0.0000,999.2000,1006.0930
5438,7,011803,2026-05-03,0.0000,0.0000,999.2000,1006.0930
5439,7,011803,2026-05-04,0.0000,0.0000,999.2000,1006.0930
5440,7,011803,2026-05-05,0.0000,0.0000,999.2000,1006.0930
5441,7,011803,2026-05-06,0.0000,0.0000,999.2000,1012.4834
5442,7,011803,2026-05-07,0.0000,0.0000,999.2000,1015.3555
5443,7,011803,2026-05-08,0.0000,0.0000,999.2000,1013.6323
5444,7,011803,2026-05-09,0.0000,0.0000,999.2000,1013.6323
5445,7,011803,2026-05-10,0.0000,0.0000,999.2000,1013.6323
5446,7,011803,2026-05-11,0.0000,0.0000,999.2000,1026.6285
5447,7,011803,2026-05-12,0.0000,0.0000,999.2000,1024.7616
5448,7,011803,2026-05-13,0.0000,0.0000,999.2000,1030.6494
5449,7,011803,2026-05-14,0.0000,0.0000,999.2000,1024.4744
5450,7,011803,2026-05-15,0.0000,0.0000,999.2000,1024.4026
5451,7,011803,2026-05-16,0.0000,0.0000,999.2000,1024.4026
5452,7,011803,2026-05-17,0.0000,0.0000,999.2000,1024.4026
5453,7,011803,2026-05-18,0.0000,0.0000,999.2000,1026.6285
5454,7,011803,2026-05-19,0.0000,0.0000,999.2000,1032.8034
5455,7,011803,2026-05-20,0.0000,0.0000,999.2000,1038.6194
5456,7,011803,2026-05-21,0.0000,0.0000,999.2000,1029.3569
5457,7,011803,2026-05-22,0.0000,0.0000,999.2000,1038.0450
5458,7,011803,2026-05-23,0.0000,0.0000,999.2000,1038.0450
5459,7,011803,2026-05-24,0.0000,0.0000,999.2000,1038.0450
5460,7,011803,2026-05-25,0.0000,0.0000,999.2000,1046.1587
5461,7,011803,2026-05-26,0.0000,0.0000,999.2000,1044.3636
5462,7,011803,2026-05-27,0.0000,0.0000,999.2000,1038.9784
5463,7,011803,2026-05-28,0.0000,0.0000,999.2000,1045.5124
5464,7,011803,2026-05-29,0.0000,0.0000,999.2000,1033.3061
5465,7,011803,2026-05-30,0.0000,0.0000,999.2000,1033.3061
5466,7,011803,2026-05-31,0.0000,0.0000,999.2000,1033.3061
5467,7,011803,2026-06-01,0.0000,0.0000,999.2000,1026.3412
5468,7,011803,2026-06-02,0.0000,0.0000,999.2000,1030.1468
5469,7,011803,2026-06-03,0.0000,0.0000,999.2000,1032.0854
5470,7,011803,2026-06-04,0.0000,0.0000,999.2000,1034.9575
5471,7,011803,2026-06-05,0.0000,0.0000,999.2000,1026.0540
5472,7,011803,2026-06-06,0.0000,0.0000,999.2000,1026.0540
5473,7,011803,2026-06-07,0.0000,0.0000,999.2000,1026.0540
5474,7,011803,2026-06-08,0.0000,0.0000,999.2000,1015.4991
5475,7,011803,2026-06-09,0.0000,0.0000,999.2000,1026.1258
5476,7,011803,2026-06-10,0.0000,0.0000,999.2000,1019.7354
5477,7,011803,2026-06-11,0.0000,0.0000,999.2000,1023.3256
5478,7,011803,2026-06-12,0.0000,0.0000,999.2000,1023.3974
5479,7,011803,2026-06-13,0.0000,0.0000,999.2000,1023.3974
5480,7,011803,2026-06-14,0.0000,0.0000,999.2000,1023.3974
5481,7,011803,2026-06-15,0.0000,0.0000,999.2000,1041.3479
5482,7,011803,2026-06-16,0.0000,0.0000,999.2000,1047.3793
5483,7,011803,2026-06-17,0.0000,0.0000,999.2000,1058.5805
5484,7,011803,2026-06-18,0.0000,0.0000,999.2000,1068.0584
5485,7,011803,2026-06-19,0.0000,0.0000,999.2000,1068.0584
5486,7,011803,2026-06-20,0.0000,0.0000,999.2000,1068.0584
5487,7,011803,2026-06-21,0.0000,0.0000,999.2000,1068.0584
5488,7,011803,2026-06-22,0.0000,0.0000,999.2000,1074.3051
5489,7,011803,2026-06-23,0.0000,0.0000,999.2000,1064.7554
5490,7,011803,2026-06-24,0.0000,0.0000,999.2000,1075.4540
5491,7,011803,2026-06-25,0.0000,0.0000,999.2000,1083.9984
5492,7,011803,2026-06-26,0.0000,0.0000,999.2000,1080.7673
5493,7,011803,2026-06-27,0.0000,0.0000,999.2000,1080.7673
5494,7,011803,2026-06-28,0.0000,0.0000,999.2000,1080.7673
5495,7,011803,2026-06-29,0.0000,0.0000,999.2000,1083.6394
5496,7,011803,2026-06-30,0.0000,0.0000,999.2000,1094.9842
5497,7,011803,2026-07-01,0.0000,0.0000,999.2000,1088.1630
5498,7,011803,2026-07-02,0.0000,0.0000,999.2000,1070.8586
5499,7,011803,2026-07-03,0.0000,0.0000,999.2000,1066.9813
5500,7,011803,2026-07-04,0.0000,0.0000,999.2000,1066.9813
5501,7,011803,2026-07-05,0.0000,0.0000,999.2000,1066.9813
5502,7,011803,2026-07-06,0.0000,0.0000,999.2000,1064.7554
5503,7,011803,2026-07-07,0.0000,0.0000,999.2000,1061.5243
5504,7,011803,2026-07-08,0.0000,0.0000,999.2000,1059.2985
5505,7,011803,2026-07-09,0.0000,0.0000,999.2000,1070.8586
5506,7,011803,2026-07-10,0.0000,0.0000,999.2000,1060.0883
5507,7,011803,2026-07-11,0.0000,0.0000,999.2000,1060.0883
5508,7,011803,2026-07-12,0.0000,0.0000,999.2000,1060.0883
5509,7,011803,2026-07-13,0.0000,0.0000,999.2000,1048.1691
5510,7,011803,2026-07-14,0.0000,0.0000,999.2000,1052.2619
5511,7,011803,2026-07-15,0.0000,0.0000,999.2000,1047.2357
5512,7,011803,2026-07-16,0.0000,0.0000,999.2000,1042.5686
5513,7,011803,2026-07-17,0.0000,0.0000,999.2000,1034.5985
5514,7,011803,2026-07-18,0.0000,0.0000,999.2000,1034.5985
5515,7,011803,2026-07-19,0.0000,0.0000,999.2000,1034.5985
5516,7,011803,2026-07-20,0.0000,0.0000,999.2000,1035.3165
5517,7,011803,2026-07-21,0.0000,0.0000,999.2000,1043.6456
5518,7,011803,2026-07-22,0.0000,0.0000,999.2000,1045.2252
5519,7,011803,2026-07-23,0.0000,0.0000,999.2000,1044.8662
5520,7,011803,2026-07-24,0.0000,0.0000,999.2000,1042.7122
5521,7,011803,2026-07-25,0.0000,0.0000,999.2000,1042.7122
5522,7,011803,2026-07-26,0.0000,0.0000,999.2000,1042.7122
5523,7,011803,2026-07-27,0.0000,0.0000,999.2000,1046.6613
5524,7,011803,2026-07-28,0.0000,0.0000,999.2000,1040.5581
5525,7,011803,2026-07-29,0.0000,0.0000,999.2000,1042.9994
5526,7,011803,2026-07-30,0.0000,0.0000,999.2000,1040.9171
5527,7,011803,2026-07-31,0.0000,0.0000,999.2000,1042.8558
5528,7,011803,2026-08-01,0.0000,0.0000,999.2000,1042.8558
5529,7,011803,2026-08-02,0.0000,0.0000,999.2000,1042.8558
5530,7,011803,2026-08-03,0.0000,0.0000,999.2000,1041.3479
5531,7,011803,2026-08-04,0.0000,0.0000,999.2000,1043.2866
5532,7,011803,2026-08-05,0.0000,0.0000,999.2000,1046.1587
5533,7,011803,2026-08-06,0.0000,0.0000,999.2000,1046.9485
5534,7,011803,2026-08-07,0.0000,0.0000,999.2000,1050.6822
5535,7,011803,2026-08-08,0.0000,0.0000,999.2000,1050.6822
5536,7,011803,2026-08-09,0.0000,0.0000,999.2000,1050.6822
5537,7,011803,2026-08-10,0.0000,0.0000,999.2000,1052.3337
5538,7,011803,2026-08-11,0.0000,0.0000,999.2000,1048.0973
5539,7,011803,2026-08-12,0.0000,0.0000,999.2000,1049.6770
5540,7,011803,2026-08-13,0.0000,0.0000,999.2000,1047.4511
5541,7,011803,2026-08-14,0.0000,0.0000,999.2000,1048.8872
5542,7,011803,2026-08-15,0.0000,0.0000,999.2000,1048.8872
5543,7,011803,2026-08-16,0.0000,0.0000,999.2000,1048.8872
5544,7,011803,2026-08-17,0.0000,0.0000,999.2000,1059.0113
5545,7,011803,2026-08-18,0.0000,0.0000,999.2000,1060.5909
5546,7,011803,2026-08-19,0.0000,0.0000,999.2000,1047.7383
5547,7,011803,2026-08-20,0.0000,0.0000,999.2000,1049.0308
5548,7,011803,2026-08-21,0.0000,0.0000,999.2000,1049.7488
5549,7,011803,2026-08-22,0.0000,0.0000,999.2000,1049.7488
5550,7,011803,2026-08-23,0.0000,0.0000,999.2000,1049.7488
5551,7,011803,2026-08-24,0.0000,0.0000,999.2000,1045.6561
5552,7,011803,2026-08-25,0.0000,0.0000,999.2000,1044.6508
5553,7,011803,2026-08-26,0.0000,0.0000,999.2000,1046.1587
5554,7,011803,2026-08-27,0.0000,0.0000,999.2000,1050.5386
5555,7,011803,2026-08-28,0.0000,0.0000,999.2000,1048.3127
5556,7,011803,2026-08-29,0.0000,0.0000,999.2000,1048.3127
5557,7,011803,2026-08-30,0.0000,0.0000,999.2000,1048.3127
5558,7,011803,2026-08-31,0.0000,0.0000,999.2000,1051.1848
5559,7,011803,2026-09-01,0.0000,0.0000,999.2000,1046.3741
5560,7,011803,2026-09-02,0.0000,0.0000,999.2000,1041.9941
5561,7,011803,2026-09-03,0.0000,0.0000,999.2000,1043.2866
5562,7,011803,2026-09-04,0.0000,0.0000,999.2000,1039.9837
5563,7,011803,2026-09-05,0.0000,0.0000,999.2000,1039.9837
5564,7,011803,2026-09-06,0.0000,0.0000,999.2000,1039.9837
5565,7,011803,2026-09-07,0.0000,0.0000,999.2000,1045.0816
5566,7,011803,2026-09-08,0.0000,0.0000,999.2000,1045.0098
5567,7,011803,2026-09-09,0.0000,0.0000,999.2000,1046.2305
5568,7,011803,2026-09-10,0.0000,0.0000,999.2000,1043.7892
5569,7,011803,2026-09-11,0.0000,0.0000,999.2000,1039.9837
5570,7,011803,2026-09-12,0.0000,0.0000,999.2000,1039.9837
5571,7,011803,2026-09-13,0.0000,0.0000,999.2000,1039.9837
5572,7,011803,2026-09-14,0.0000,0.0000,999.2000,1038.5476
5573,7,011803,2026-09-15,0.0000,0.0000,999.2000,1038.9784
5574,7,011803,2026-09-16,0.0000,0.0000,999.2000,1043.7174
5575,7,011803,2026-09-17,0.0000,0.0000,999.2000,1042.4968
5576,7,011803,2026-09-18,0.0000,0.0000,999.2000,1047.2357
5577,7,011803,2026-09-19,0.0000,0.0000,999.2000,1047.2357
5578,7,011803,2026-09-20,0.0000,0.0000,999.2000,1047.2357
5579,7,011803,2026-09-21,0.0000,0.0000,999.2000,1048.9590
5580,7,011803,2026-09-22,0.0000,0.0000,999.2000,1048.3845
5581,7,011803,2026-09-23,0.0000,0.0000,999.2000,1047.0921
5582,7,011803,2026-09-24,0.0000,0.0000,999.2000,1042.3531
5583,7,011803,2026-09-25,0.0000,0.0000,999.2000,1042.3531
5584,7,011803,2026-09-26,0.0000,0.0000,999.2000,1042.3531
5585,7,011803,2026-09-27,0.0000,0.0000,999.2000,1042.3531
5586,7,011803,2026-09-28,0.0000,0.0000,999.2000,1034.2395
5587,7,011803,2026-09-29,0.0000,0.0000,999.2000,1034.5267
5588,7,270042,2026-04-27,9.9900,0.0100,9.9900,9.9900
5589,7,270042,2026-04-28,9.9900,0.0100,19.9800,19.8818
5590,7,270042,2026-04-29,9.9900,0.0100,29.9700,29.9899
5591,7,270042,2026-04-30,9.9900,0.0100,39.9600,40.2767
5592,7,270042,2026-05-01,0.0000,0.0000,39.9600,40.2767
5593,7,270042,2026-05-02,0.0000,0.0000,39.9600,40.2767
5594,7,270042,2026-05-03,0.0000,0.0000,39.9600,40.2767
5595,7,270042,2026-05-04,0.0000,0.0000,39.9600,40.2767
5596,7,270042,2026-05-05,0.0000,0.0000,39.9600,40.2767
5597,7,270042,2026-05-06,9.9900,0.0100,49.9500,51.9024
5598,7,270042,2026-05-07,9.9900,0.0100,59.9400,61.7772
5599,7,270042,2026-05-08,9.9900,0.0100,69.9300,73.2296
5600,7,270042,2026-05-09,0.0000,0.0000,69.9300,73.2296
5601,7,270042,2026-05-10,0.0000,0.0000,69.9300,73.2296
5602,7,270042,2026-05-11,9.9900,0.0100,79.9200,83.3966
5603,7,270042,2026-05-12,9.9900,0.0100,89.9100,92.6106
5604,7,270042,2026-05-13,9.9900,0.0100,99.9000,103.5701
5605,7,270042,2026-05-14,9.9900,0.0100,109.8900,114.2746
5606,7,270042,2026-05-15,9.9900,0.0100,119.8800,122.5448
5607,7,270042,2026-05-16,0.0000,0.0000,119.8800,122.5448
5608,7,270042,2026-05-17,0.0000,0.0000,119.8800,122.5448
5609,7,270042,2026-05-18,0.0000,0.0000,119.8800,122.0348
5610,7,270042,2026-05-19,0.0000,0.0000,119.8800,121.1839
5611,7,270042,2026-05-20,0.0000,0.0000,119.8800,123.2074
5612,7,270042,2026-05-21,0.0000,0.0000,119.8800,123.3794
5613,7,270042,2026-05-22,0.0000,0.0000,119.8800,123.9312
5614,7,270042,2026-05-23,0.0000,0.0000,119.8800,123.9312
5615,7,270042,2026-05-24,0.0000,0.0000,119.8800,123.9312
5616,7,270042,2026-05-25,0.0000,0.0000,119.8800,123.8340
5617,7,270042,2026-05-26,9.9900,0.0100,129.8700,135.9193
5618,7,270042,2026-05-27,9.9900,0.0100,139.8600,145.7963
5619,7,270042,2026-05-28,9.9900,0.0100,149.8500,156.8971
5620,7,270042,2026-05-29,9.9900,0.0100,159.8400,167.3183
5621,7,270042,2026-05-30,0.0000,0.0000,159.8400,167.3183
5622,7,270042,2026-05-31,0.0000,0.0000,159.8400,167.3183
5623,7,270042,2026-06-01,9.9900,0.0100,169.8300,178.2590
5624,7,270042,2026-06-02,9.9900,0.0100,179.8200,189.1623
5625,7,270042,2026-06-03,9.9900,0.0100,189.8100,198.5800
5626,7,270042,2026-06-04,9.9900,0.0100,199.8000,207.5871
5627,7,270042,2026-06-05,9.9900,0.0100,209.7900,207.6194
5628,7,270042,2026-06-06,0.0000,0.0000,209.7900,207.6194
5629,7,270042,2026-06-07,0.0000,0.0000,209.7900,207.6194
5630,7,270042,2026-06-08,9.9900,0.0100,219.7800,220.8969
5631,7,270042,2026-06-09,9.9900,0.0100,229.7700,228.2529
5632,7,270042,2026-06-10,9.9900,0.0100,239.7600,233.7062
5633,7,270042,2026-06-11,9.9900,0.0100,249.7500,251.3218
5634,7,270042,2026-06-12,9.9900,0.0100,259.7400,262.7690
5635,7,270042,2026-06-13,0.0000,0.0000,259.7400,262.7690
5636,7,270042,2026-06-14,0.0000,0.0000,259.7400,262.7690
5637,7,270042,2026-06-15,9.9900,0.0100,269.7300,280.5863
5638,7,270042,2026-06-16,9.9900,0.0100,279.7200,285.3221
5639,7,270042,2026-06-17,9.9900,0.0100,289.7100,292.4517
5640,7,270042,2026-06-18,9.9900,0.0100,299.7000,309.8138
5641,7,270042,2026-06-19,0.0000,0.0000,299.7000,309.8138
5642,7,270042,2026-06-20,0.0000,0.0000,299.7000,309.8138
5643,7,270042,2026-06-21,0.0000,0.0000,299.7000,309.8138
5644,7,270042,2026-06-22,9.9900,0.0100,309.6900,319.2864
5645,7,270042,2026-06-23,9.9900,0.0100,319.6800,318.7877
5646,7,270042,2026-06-24,9.9900,0.0100,329.6700,327.4616
5647,7,270042,2026-06-25,9.9900,0.0100,339.6600,340.0185
5648,7,270042,2026-06-26,9.9900,0.0100,349.6500,345.9405
5649,7,270042,2026-06-27,0.0000,0.0000,349.6500,345.9405
5650,7,270042,2026-06-28,0.0000,0.0000,349.6500,345.9405
5651,7,270042,2026-06-29,0.0000,0.0000,349.6500,353.8172
5652,7,270042,2026-06-30,0.0000,0.0000,349.6500,359.4167
5653,7,270042,2026-07-01,0.0000,0.0000,349.6500,353.6642
5654,7,270042,2026-07-02,9.9900,0.0100,359.6400,357.8976
5655,7,270042,2026-07-03,0.0000,0.0000,359.6400,357.6616
5656,7,270042,2026-07-04,0.0000,0.0000,359.6400,357.6616
5657,7,270042,2026-07-05,0.0000,0.0000,359.6400,357.6616
5658,7,270042,2026-07-06,9.9900,0.0100,369.6300,372.2624
5659,7,270042,2026-07-07,9.9900,0.0100,379.6200,375.4890
5660,7,270042,2026-07-08,9.9900,0.0100,389.6100,386.5724
5661,7,270042,2026-07-09,9.9900,0.0100,399.6000,402.6057
5662,7,270042,2026-07-10,9.9900,0.0100,409.5900,413.6011
5663,7,270042,2026-07-11,0.0000,0.0000,409.5900,413.6011
5664,7,270042,2026-07-12,0.0000,0.0000,409.5900,413.6011
5665,7,270042,2026-07-13,9.9900,0.0100,419.5800,415.6231
5666,7,270042,2026-07-14,9.9900,0.0100,429.5700,430.2332
5667,7,270042,2026-07-15,9.9900,0.0100,439.5600,438.4273
5668,7,270042,2026-07-16,9.9900,0.0100,449.5500,441.2532
5669,7,270042,2026-07-17,9.9900,0.0100,459.5400,444.7221
5670,7,270042,2026-07-18,0.0000,0.0000,459.5400,444.7221
5671,7,270042,2026-07-19,0.0000,0.0000,459.5400,444.7221
5672,7,270042,2026-07-20,9.9900,0.0100,469.5300,454.9134
5673,7,270042,2026-07-21,4.9900,0.0100,474.5200,468.4164
5674,7,270042,2026-07-22,4.9900,0.0100,479.5100,470.9735
5675,7,270042,2026-07-23,4.9900,0.0100,484.5000,466.8520
5676,7,270042,2026-07-24,4.9900,0.0100,489.4900,466.5521
5677,7,270042,2026-07-25,0.0000,0.0000,489.4900,466.5521
5678,7,270042,2026-07-26,0.0000,0.0000,489.4900,466.5521
5679,7,270042,2026-07-27,4.9900,0.0100,494.4800,469.7280
5680,7,270042,2026-07-28,4.9900,0.0100,499.4700,470.1278
5681,7,270042,2026-07-29,4.9900,0.0100,504.4600,465.1501
5682,7,270042,2026-07-30,0.0000,0.0000,504.4600,480.6120
5683,7,270042,2026-07-31,0.0000,0.0000,504.4600,483.3790
5684,7,270042,2026-08-01,0.0000,0.0000,504.4600,483.3790
5685,7,270042,2026-08-02,0.0000,0.0000,504.4600,483.3790
5686,7,270042,2026-08-03,0.0000,0.0000,504.4600,491.9634
5687,7,270042,2026-08-04,0.0000,0.0000,504.4600,508.5962
5688,7,270042,2026-08-05,0.0000,0.0000,504.4600,504.0667
5689,7,270042,2026-08-06,0.0000,0.0000,504.4600,502.1132
5690,7,270042,2026-08-07,0.0000,0.0000,504.4600,508.1278
5691,7,270042,2026-08-08,0.0000,0.0000,504.4600,508.1278
5692,7,270042,2026-08-09,0.0000,0.0000,504.4600,508.1278
5693,7,270042,2026-08-10,0.0000,0.0000,504.4600,506.2667
5694,7,270042,2026-08-11,0.0000,0.0000,504.4600,504.6768
5695,7,270042,2026-08-12,0.0000,0.0000,504.4600,508.3189
5696,7,270042,2026-08-13,0.0000,0.0000,504.4600,514.2596
5697,7,270042,2026-08-14,0.0000,0.0000,504.4600,513.5262
5698,7,270042,2026-08-15,0.0000,0.0000,504.4600,513.5262
5699,7,270042,2026-08-16,0.0000,0.0000,504.4600,513.5262
5700,7,270042,2026-08-17,0.0000,0.0000,504.4600,512.6142
5701,7,270042,2026-08-18,0.0000,0.0000,504.4600,504.0852
5702,7,270042,2026-08-19,0.0000,0.0000,504.4600,502.5322
5703,7,270042,2026-08-20,0.0000,0.0000,504.4600,498.6375
5704,7,270042,2026-08-21,0.0000,0.0000,504.4600,500.3445
5705,7,270042,2026-08-22,0.0000,0.0000,504.4600,500.3445
5706,7,270042,2026-08-23,0.0000,0.0000,504.4600,500.3445
5707,7,270042,2026-08-24,0.0000,0.0000,504.4600,495.5439
5708,7,270042,2026-08-25,0.0000,0.0000,504.4600,498.6621
5709,7,270042,2026-08-26,0.0000,0.0000,504.4600,498.8039
5710,7,270042,2026-08-27,0.0000,0.0000,504.4600,505.9155
5711,7,270042,2026-08-28,0.0000,0.0000,504.4600,502.1748
5712,7,270042,2026-08-29,0.0000,0.0000,504.4600,502.1748
5713,7,270042,2026-08-30,0.0000,0.0000,504.4600,502.1748
5714,7,270042,2026-08-31,0.0000,0.0000,504.4600,502.6308
5715,7,270042,2026-09-01,0.0000,0.0000,504.4600,495.9814
5716,7,270042,2026-09-02,0.0000,0.0000,504.4600,497.2201
5717,7,270042,2026-09-03,0.0000,0.0000,504.4600,502.8588
5718,7,270042,2026-09-04,0.0000,0.0000,504.4600,503.7401
5719,7,270042,2026-09-05,0.0000,0.0000,504.4600,503.7401
5720,7,270042,2026-09-06,0.0000,0.0000,504.4600,503.7401
5721,7,270042,2026-09-07,0.0000,0.0000,504.4600,503.7709
5722,7,270042,2026-09-08,0.0000,0.0000,504.4600,503.1854
5723,7,270042,2026-09-09,0.0000,0.0000,504.4600,501.4661
5724,7,270042,2026-09-10,0.0000,0.0000,504.4600,496.0061
5725,7,270042,2026-09-11,0.0000,0.0000,504.4600,500.2582
5726,7,270042,2026-09-12,0.0000,0.0000,504.4600,500.2582
5727,7,270042,2026-09-13,0.0000,0.0000,504.4600,500.2582
5728,7,270042,2026-09-14,0.0000,0.0000,504.4600,495.7657
5729,7,270042,2026-09-15,0.0000,0.0000,504.4600,492.3147
5730,7,270042,2026-09-16,0.0000,0.0000,504.4600,492.0990
5731,7,270042,2026-09-17,0.0000,0.0000,504.4600,500.2459
5732,7,270042,2026-09-18,0.0000,0.0000,504.4600,503.1053
5733,7,270042,2026-09-19,0.0000,0.0000,504.4600,503.1053
5734,7,270042,2026-09-20,0.0000,0.0000,504.4600,503.1053
5735,7,270042,2026-09-21,0.0000,0.0000,504.4600,517.3285
5736,7,270042,2026-09-22,0.0000,0.0000,504.4600,521.3465
5737,7,270042,2026-09-23,0.0000,0.0000,504.4600,516.9156
5738,7,270042,2026-09-24,0.0000,0.0000,504.4600,517.1621
5739,7,270042,2026-09-25,0.0000,0.0000,504.4600,517.1621
5740,7,270042,2026-09-26,0.0000,0.0000,504.4600,517.1621
5741,7,270042,2026-09-27,0.0000,0.0000,504.4600,517.1621
5742,7,270042,2026-09-28,0.0000,0.0000,504.4600,512.9962
5743,7,270042,2026-09-29,0.0000,0.0000,504.4600,514.0685
5744,7,019851,2026-05-13,999.2000,0.8000,999.2000,999.2000
5745,7,019851,2026-05-14,0.0000,0.0000,999.2000,999.1058
5746,7,019851,2026-05-15,0.0000,0.0000,999.2000,999.2000
5747,7,019851,2026-05-16,0.0000,0.0000,999.2000,999.2000
5748,7,019851,2026-05-17,0.0000,0.0000,999.2000,999.2000
5749,7,019851,2026-05-18,0.0000,0.0000,999.2000,999.3883
5750,7,019851,2026-05-19,0.0000,0.0000,999.2000,999.5767
5751,7,019851,2026-05-20,0.0000,0.0000,999.2000,999.5767
5752,7,019851,2026-05-21,0.0000,0.0000,999.2000,999.5767
5753,7,019851,2026-05-22,0.0000,0.0000,999.2000,999.5767
5754,7,019851,2026-05-23,0.0000,0.0000,999.2000,999.5767
5755,7,019851,2026-05-24,0.0000,0.0000,999.2000,999.5767
5756,7,019851,2026-05-25,0.0000,0.0000,999.2000,999.6708
5757,7,019851,2026-05-26,0.0000,0.0000,999.2000,999.8592
5758,7,019851,2026-05-27,0.0000,0.0000,999.2000,1000.2358
5759,7,019851,2026-05-28,0.0000,0.0000,999.2000,1000.1417
5760,7,019851,2026-05-29,0.0000,0.0000,999.2000,1000.5183
5761,7,019851,2026-05-30,0.0000,0.0000,999.2000,1000.5183
5762,7,019851,2026-05-31,0.0000,0.0000,999.2000,1000.5183
5763,7,019851,2026-06-01,0.0000,0.0000,999.2000,1000.7067
5764,7,019851,2026-06-02,0.0000,0.0000,999.2000,1000.6125
5765,7,019851,2026-06-03,0.0000,0.0000,999.2000,1000.6125
5766,7,019851,2026-06-04,0.0000,0.0000,999.2000,1000.6125
5767,7,019851,2026-06-05,0.0000,0.0000,999.2000,1000.7067
5768,7,019851,2026-06-06,0.0000,0.0000,999.2000,1000.7067
5769,7,019851,2026-06-07,0.0000,0.0000,999.2000,1000.7067
5770,7,019851,2026-06-08,0.0000,0.0000,999.2000,1000.9892
5771,7,019851,2026-06-09,0.0000,0.0000,999.2000,1000.9892
5772,7,019851,2026-06-10,0.0000,0.0000,999.2000,1001.1775
5773,7,019851,2026-06-11,0.0000,0.0000,999.2000,1001.0833
5774,7,019851,2026-06-12,0.0000,0.0000,999.2000,1001.4600
5775,7,019851,2026-06-13,0.0000,0.0000,999.2000,1001.4600
5776,7,019851,2026-06-14,0.0000,0.0000,999.2000,1001.4600
5777,7,019851,2026-06-15,0.0000,0.0000,999.2000,1001.4600
5778,7,019851,2026-06-16,0.0000,0.0000,999.2000,1002.0250
5779,7,019851,2026-06-17,0.0000,0.0000,999.2000,1002.4017
5780,7,019851,2026-06-18,0.0000,0.0000,999.2000,1002.4017
5781,7,019851,2026-06-19,0.0000,0.0000,999.2000,1002.4017
5782,7,019851,2026-06-20,0.0000,0.0000,999.2000,1002.4017
5783,7,019851,2026-06-21,0.0000,0.0000,999.2000,1002.4017
5784,7,019851,2026-06-22,0.0000,0.0000,999.2000,1002.5900
5785,7,019851,2026-06-23,0.0000,0.0000,999.2000,1002.4958
5786,7,019851,2026-06-24,0.0000,0.0000,999.2000,1002.5900
5787,7,019851,2026-06-25,0.0000,0.0000,999.2000,1002.6842
5788,7,019851,2026-06-26,0.0000,0.0000,999.2000,1002.7783
5789,7,019851,2026-06-27,0.0000,0.0000,999.2000,1002.7783
5790,7,019851,2026-06-28,0.0000,0.0000,999.2000,1002.7783
5791,7,019851,2026-06-29,0.0000,0.0000,999.2000,1003.1550
5792,7,019851,2026-06-30,0.0000,0.0000,999.2000,1003.0608
5793,7,019851,2026-07-01,0.0000,0.0000,999.2000,1002.9667
5794,7,019851,2026-07-02,0.0000,0.0000,999.2000,1002.9667
5795,7,019851,2026-07-03,0.0000,0.0000,999.2000,1003.0608
5796,7,019851,2026-07-04,0.0000,0.0000,999.2000,1003.0608
5797,7,019851,2026-07-05,0.0000,0.0000,999.2000,1003.0608
5798,7,019851,2026-07-06,0.0000,0.0000,999.2000,1003.1550
5799,7,019851,2026-07-07,0.0000,0.0000,999.2000,1003.1550
5800,7,019851,2026-07-08,0.0000,0.0000,999.2000,1003.4375
5801,7,019851,2026-07-09,0.0000,0.0000,999.2000,1003.4375
5802,7,019851,2026-07-10,0.0000,0.0000,999.2000,1003.4375
5803,7,019851,2026-07-11,0.0000,0.0000,999.2000,1003.4375
5804,7,019851,2026-07-12,0.0000,0.0000,999.2000,1003.4375
5805,7,019851,2026-07-13,0.0000,0.0000,999.2000,1003.5317
5806,7,019851,2026-07-14,0.0000,0.0000,999.2000,1003.5317
5807,7,019851,2026-07-15,0.0000,0.0000,999.2000,1003.5317
5808,7,019851,2026-07-16,0.0000,0.0000,999.2000,1003.5317
5809,7,019851,2026-07-17,0.0000,0.0000,999.2000,1003.8142
5810,7,019851,2026-07-18,0.0000,0.0000,999.2000,1003.8142
5811,7,019851,2026-07-19,0.0000,0.0000,999.2000,1003.8142
5812,7,019851,2026-07-20,0.0000,0.0000,999.2000,1003.8142
5813,7,019851,2026-07-21,0.0000,0.0000,999.2000,1003.8142
5814,7,019851,2026-07-22,0.0000,0.0000,999.2000,1004.6617
5815,7,019851,2026-07-23,0.0000,0.0000,999.2000,1004.5675
5816,7,019851,2026-07-24,0.0000,0.0000,999.2000,1004.5675
5817,7,019851,2026-07-25,0.0000,0.0000,999.2000,1004.5675
5818,7,019851,2026-07-26,0.0000,0.0000,999.2000,1004.5675
5819,7,019851,2026-07-27,0.0000,0.0000,999.2000,1004.6617
5820,7,019851,2026-07-28,0.0000,0.0000,999.2000,1004.5675
5821,7,019851,2026-07-29,0.0000,0.0000,999.2000,1004.6617
5822,7,019851,2026-07-30,0.0000,0.0000,999.2000,1005.0383
5823,7,019851,2026-07-31,0.0000,0.0000,999.2000,1005.0383
5824,7,019851,2026-08-01,0.0000,0.0000,999.2000,1005.0383
5825,7,019851,2026-08-02,0.0000,0.0000,999.2000,1005.0383
5826,7,019851,2026-08-03,0.0000,0.0000,999.2000,1005.2267
5827,7,019851,2026-08-04,0.0000,0.0000,999.2000,1005.3208
5828,7,019851,2026-08-05,0.0000,0.0000,999.2000,1005.3208
5829,7,019851,2026-08-06,0.0000,0.0000,999.2000,1005.6033
5830,7,019851,2026-08-07,0.0000,0.0000,999.2000,1005.9800
5831,7,019851,2026-08-08,0.0000,0.0000,999.2000,1005.9800
5832,7,019851,2026-08-09,0.0000,0.0000,999.2000,1005.9800
5833,7,019851,2026-08-10,0.0000,0.0000,999.2000,1006.1683
5834,7,019851,2026-08-11,0.0000,0.0000,999.2000,1005.9800
5835,7,019851,2026-08-12,0.0000,0.0000,999.2000,1006.5450
5836,7,019851,2026-08-13,0.0000,0.0000,999.2000,1006.8275
5837,7,019851,2026-08-14,0.0000,0.0000,999.2000,1006.8275
5838,7,019851,2026-08-15,0.0000,0.0000,999.2000,1006.8275
5839,7,019851,2026-08-16,0.0000,0.0000,999.2000,1006.8275
5840,7,019851,2026-08-17,999.2000,0.8000,1998.4000,2006.1216
5841,7,019851,2026-08-18,0.0000,0.0000,1998.4000,2006.4969
5842,7,019851,2026-08-19,0.0000,0.0000,1998.4000,2006.4969
5843,7,019851,2026-08-20,0.0000,0.0000,1998.4000,2006.4969
5844,7,019851,2026-08-21,0.0000,0.0000,1998.4000,2006.3093
5845,7,019851,2026-08-22,0.0000,0.0000,1998.4000,2006.3093
5846,7,019851,2026-08-23,0.0000,0.0000,1998.4000,2006.3093
5847,7,019851,2026-08-24,0.0000,0.0000,1998.4000,2006.8721
5848,7,019851,2026-08-25,0.0000,0.0000,1998.4000,2006.8721
5849,7,019851,2026-08-26,0.0000,0.0000,1998.4000,2006.8721
5850,7,019851,2026-08-27,0.0000,0.0000,1998.4000,2006.4969
5851,7,019851,2026-08-28,0.0000,0.0000,1998.4000,2006.6845
5852,7,019851,2026-08-29,0.0000,0.0000,1998.4000,2006.6845
5853,7,019851,2026-08-30,0.0000,0.0000,1998.4000,2006.6845
5854,7,019851,2026-08-31,0.0000,0.0000,1998.4000,2006.8721
5855,7,019851,2026-09-01,0.0000,0.0000,1998.4000,2007.4349
5856,7,019851,2026-09-02,0.0000,0.0000,1998.4000,2007.4349
5857,7,019851,2026-09-03,0.0000,0.0000,1998.4000,2008.3730
5858,7,019851,2026-09-04,0.0000,0.0000,1998.4000,2008.3730
5859,7,019851,2026-09-05,0.0000,0.0000,1998.4000,2008.3730
5860,7,019851,2026-09-06,0.0000,0.0000,1998.4000,2008.3730
5861,7,019851,2026-09-07,0.0000,0.0000,1998.4000,2008.7482
5862,7,019851,2026-09-08,0.0000,0.0000,1998.4000,2008.7482
5863,7,019851,2026-09-09,0.0000,0.0000,1998.4000,2008.7482
5864,7,019851,2026-09-10,0.0000,0.0000,1998.4000,2008.7482
5865,7,019851,2026-09-11,0.0000,0.0000,1998.4000,2008.7482
5866,7,019851,2026-09-12,0.0000,0.0000,1998.4000,2008.7482
5867,7,019851,2026-09-13,0.0000,0.0000,1998.4000,2008.7482
5868,7,019851,2026-09-14,0.0000,0.0000,1998.4000,2009.1234
5869,7,019851,2026-09-15,0.0000,0.0000,1998.4000,2009.1234
5870,7,019851,2026-09-16,0.0000,0.0000,1998.4000,2009.3110
5871,7,019851,2026-09-17,0.0000,0.0000,1998.4000,2009.4986
5872,7,019851,2026-09-18,0.0000,0.0000,1998.4000,2009.8739
5873,7,019851,2026-09-19,0.0000,0.0000,1998.4000,2009.8739
5874,7,019851,2026-09-20,0.0000,0.0000,1998.4000,2009.8739
5875,7,019851,2026-09-21,0.0000,0.0000,1998.4000,2010.8119
5876,7,019851,2026-09-22,0.0000,0.0000,1998.4000,2011.3747
5877,7,019851,2026-09-23,0.0000,0.0000,1998.4000,2011.5624
5878,7,019851,2026-09-24,0.0000,0.0000,1998.4000,2013.2509
5879,7,019851,2026-09-25,0.0000,0.0000,1998.4000,2013.2509
5880,7,019851,2026-09-26,0.0000,0.0000,1998.4000,2013.2509
5881,7,019851,2026-09-27,0.0000,0.0000,1998.4000,2013.2509
5882,7,019851,2026-09-28,0.0000,0.0000,1998.4000,2013.4385
5883,7,019851,2026-09-29,0.0000,0.0000,1998.4000,2014.5641
5884,7,016452,2026-07-30,9.9900,0.0100,9.9900,9.9900
5885,7,016452,2026-07-31,9.9900,0.0100,19.9800,20.0380
5886,7,016452,2026-08-01,0.0000,0.0000,19.9800,20.0380
5887,7,016452,2026-08-02,0.0000,0.0000,19.9800,20.0380
5888,7,016452,2026-08-03,9.9900,0.0100,29.9700,30.3711
5889,7,016452,2026-08-04,9.9900,0.0100,39.9600,41.3432
5890,7,016452,2026-08-05,9.9900,0.0100,49.9500,50.9862
5891,7,016452,2026-08-06,9.9900,0.0100,59.9400,60.7871
5892,7,016452,2026-08-07,9.9900,0.0100,69.9300,71.4692
5893,7,016452,2026-08-08,0.0000,0.0000,69.9300,71.4692
5894,7,016452,2026-08-09,0.0000,0.0000,69.9300,71.4692
5895,7,016452,2026-08-10,9.9900,0.0100,79.9200,81.2116
5896,7,016452,2026-08-11,9.9900,0.0100,89.9100,90.9688
5897,7,016452,2026-08-12,9.9900,0.0100,99.9000,101.5613
5898,7,016452,2026-08-13,9.9900,0.0100,109.8900,112.6591
5899,7,016452,2026-08-14,9.9900,0.0100,119.8800,122.4996
5900,7,016452,2026-08-15,0.0000,0.0000,119.8800,122.4996
5901,7,016452,2026-08-16,0.0000,0.0000,119.8800,122.4996
5902,7,016452,2026-08-17,9.9900,0.0100,129.8700,132.2795
5903,7,016452,2026-08-18,9.9900,0.0100,139.8600,140.2412
5904,7,016452,2026-08-19,9.9900,0.0100,149.8500,149.8336
5905,7,016452,2026-08-20,9.9900,0.0100,159.8400,158.7160
5906,7,016452,2026-08-21,9.9900,0.0100,169.8300,169.2305
5907,7,016452,2026-08-22,0.0000,0.0000,169.8300,169.2305
5908,7,016452,2026-08-23,0.0000,0.0000,169.8300,169.2305
5909,7,016452,2026-08-24,9.9900,0.0100,179.8200,177.7190
5910,7,016452,2026-08-25,9.9900,0.0100,189.8100,188.8038
5911,7,016452,2026-08-26,9.9900,0.0100,199.8000,198.8187
5912,7,016452,2026-08-27,9.9900,0.0100,209.7900,211.5055
5913,7,016452,2026-08-28,9.9900,0.0100,219.7800,220.0159
5914,7,016452,2026-08-29,0.0000,0.0000,219.7800,220.0159
5915,7,016452,2026-08-30,0.0000,0.0000,219.7800,220.0159
5916,7,016452,2026-08-31,9.9900,0.0100,229.7700,230.2177
5917,7,016452,2026-09-01,9.9900,0.0100,239.7600,237.3597
5918,7,016452,2026-09-02,9.9900,0.0100,249.7500,247.9275
5919,7,016452,2026-09-03,9.9900,0.0100,259.7400,260.6214
5920,7,016452,2026-09-04,9.9900,0.0100,269.7300,271.0782
5921,7,016452,2026-09-05,0.0000,0.0000,269.7300,271.0782
5922,7,016452,2026-09-06,0.0000,0.0000,269.7300,271.0782
5923,7,016452,2026-09-07,0.0000,0.0000,269.7300,271.1018
5924,7,016452,2026-09-08,9.9900,0.0100,279.7200,280.8081
5925,7,016452,2026-09-09,9.9900,0.0100,289.7100,289.8668
5926,7,016452,2026-09-10,9.9900,0.0100,299.7000,296.8614
5927,7,016452,2026-09-11,9.9900,0.0100,309.6900,309.3469
5928,7,016452,2026-09-12,0.0000,0.0000,309.6900,309.3469
5929,7,016452,2026-09-13,0.0000,0.0000,309.6900,309.3469
5930,7,016452,2026-09-14,9.9900,0.0100,319.6800,316.6902
5931,7,016452,2026-09-15,9.9900,0.0100,329.6700,324.5780
5932,7,016452,2026-09-16,9.9900,0.0100,339.6600,334.4524
5933,7,016452,2026-09-17,9.9900,0.0100,349.6500,349.7485
5934,7,016452,2026-09-18,9.9900,0.0100,359.6400,361.6564
5935,7,016452,2026-09-19,0.0000,0.0000,359.6400,361.6564
5936,7,016452,2026-09-20,0.0000,0.0000,359.6400,361.6564
5937,7,016452,2026-09-21,9.9900,0.0100,369.6300,381.2401
5938,7,016452,2026-09-22,9.9900,0.0100,379.6200,394.0658
5939,7,016452,2026-09-23,9.9900,0.0100,389.6100,400.8803
5940,7,016452,2026-09-24,9.9900,0.0100,399.6000,411.0920
5941,7,016452,2026-09-25,0.0000,0.0000,399.6000,411.0920
5942,7,016452,2026-09-26,0.0000,0.0000,399.6000,411.0920
5943,7,016452,2026-09-27,0.0000,0.0000,399.6000,411.0920
5944,7,016452,2026-09-28,9.9900,0.0100,409.5900,417.9191
5945,7,016452,2026-09-29,9.9900,0.0100,419.5800,428.7863
5946,7,017641,2026-06-01,99.8800,0.1200,99.8800,99.8800
5947,7,017641,2026-06-02,0.0000,0.0000,99.8800,100.0272
5948,7,017641,2026-06-03,0.0000,0.0000,99.8800,99.3383
5949,7,017641,2026-06-04,0.0000,0.0000,99.8800,99.6975
5950,7,017641,2026-06-05,0.0000,0.0000,99.8800,97.1950
5951,7,017641,2026-06-06,0.0000,0.0000,99.8800,97.1950
5952,7,017641,2026-06-07,0.0000,0.0000,99.8800,97.1950
5953,7,017641,2026-06-08,9.9900,0.0100,109.8700,107.5206
5954,7,017641,2026-06-09,0.0000,0.0000,109.8700,107.1442
5955,7,017641,2026-06-10,0.0000,0.0000,109.8700,105.5213
5956,7,017641,2026-06-11,0.0000,0.0000,109.8700,107.2350
5957,7,017641,2026-06-12,0.0000,0.0000,109.8700,107.6570
5958,7,017641,2026-06-13,0.0000,0.0000,109.8700,107.6570
5959,7,017641,2026-06-14,0.0000,0.0000,109.8700,107.6570
5960,7,017641,2026-06-15,9.9900,0.0100,119.8600,119.3282
5961,7,017641,2026-06-16,0.0000,0.0000,119.8600,118.6977
5962,7,017641,2026-06-17,0.0000,0.0000,119.8600,117.3233
5963,7,017641,2026-06-18,0.0000,0.0000,119.8600,118.6268
5964,7,017641,2026-06-19,0.0000,0.0000,119.8600,118.6268
5965,7,017641,2026-06-20,0.0000,0.0000,119.8600,118.6268
5966,7,017641,2026-06-21,0.0000,0.0000,119.8600,118.6268
5967,7,017641,2026-06-22,9.9900,0.0100,129.8500,128.2201
5968,7,017641,2026-06-23,0.0000,0.0000,129.8500,126.5452
5969,7,017641,2026-06-24,0.0000,0.0000,129.8500,126.4761
5970,7,017641,2026-06-25,0.0000,0.0000,129.8500,126.4684
5971,7,017641,2026-06-26,0.0000,0.0000,129.8500,126.3378
5972,7,017641,2026-06-27,0.0000,0.0000,129.8500,126.3378
5973,7,017641,2026-06-28,0.0000,0.0000,129.8500,126.3378
5974,7,017641,2026-06-29,9.9900,0.0100,139.8400,137.7568
5975,7,017641,2026-06-30,0.0000,0.0000,139.8400,138.6846
5976,7,017641,2026-07-01,0.0000,0.0000,139.8400,138.2787
5977,7,017641,2026-07-02,0.0000,0.0000,139.8400,138.2787
5978,7,017641,2026-07-03,0.0000,0.0000,139.8400,138.2041
5979,7,017641,2026-07-04,0.0000,0.0000,139.8400,138.2041
5980,7,017641,2026-07-05,0.0000,0.0000,139.8400,138.2041
5981,7,017641,2026-07-06,0.0000,0.0000,139.8400,139.1899
5982,7,017641,2026-07-07,0.0000,0.0000,139.8400,138.5769
5983,7,017641,2026-07-08,0.0000,0.0000,139.8400,138.3035
5984,7,017641,2026-07-09,0.0000,0.0000,139.8400,139.2976
5985,7,017641,2026-07-10,0.0000,0.0000,139.8400,139.7697
5986,7,017641,2026-07-11,0.0000,0.0000,139.8400,139.7697
5987,7,017641,2026-07-12,0.0000,0.0000,139.8400,139.7697
5988,7,017641,2026-07-13,0.0000,0.0000,139.8400,138.6680
5989,7,017641,2026-07-14,0.0000,0.0000,139.8400,139.2313
5990,7,017641,2026-07-15,0.0000,0.0000,139.8400,139.5709
5991,7,017641,2026-07-16,0.0000,0.0000,139.8400,138.8834
5992,7,017641,2026-07-17,0.0000,0.0000,139.8400,137.6077
5993,7,017641,2026-07-18,0.0000,0.0000,139.8400,137.6077
5994,7,017641,2026-07-19,0.0000,0.0000,139.8400,137.6077
5995,7,017641,2026-07-20,0.0000,0.0000,139.8400,137.3923
5996,7,017641,2026-07-21,0.0000,0.0000,139.8400,138.4858
5997,7,017641,2026-07-22,0.0000,0.0000,139.8400,138.3367
5998,7,017641,2026-07-23,0.0000,0.0000,139.8400,136.6468
5999,7,017641,2026-07-24,0.0000,0.0000,139.8400,136.7545
6000,7,017641,2026-07-25,0.0000,0.0000,139.8400,136.7545
6001,7,017641,2026-07-26,0.0000,0.0000,139.8400,136.7545
6002,7,017641,2026-07-27,0.0000,0.0000,139.8400,136.6634
6003,7,017641,2026-07-28,0.0000,0.0000,139.8400,136.9533
6004,7,017641,2026-07-29,0.0000,0.0000,139.8400,134.9487
6005,7,017641,2026-07-30,0.0000,0.0000,139.8400,137.1107
6006,7,017641,2026-07-31,9.9900,0.0100,149.8300,148.0285
6007,7,017641,2026-08-01,0.0000,0.0000,149.8300,148.0285
6008,7,017641,2026-08-02,0.0000,0.0000,149.8300,148.0285
6009,7,017641,2026-08-03,9.9900,0.0100,159.8200,160.1060
6010,7,017641,2026-08-04,9.9900,0.0100,169.8100,172.8625
6011,7,017641,2026-08-05,9.9900,0.0100,179.8000,182.5006
6012,7,017641,2026-08-06,9.9900,0.0100,189.7900,192.2353
6013,7,017641,2026-08-07,9.9900,0.0100,199.7800,203.3586
6014,7,017641,2026-08-08,0.0000,0.0000,199.7800,203.3586
6015,7,017641,2026-08-09,0.0000,0.0000,199.7800,203.3586
6016,7,017641,2026-08-10,9.9900,0.0100,209.7700,213.1479
6017,7,017641,2026-08-11,9.9900,0.0100,219.7600,222.5189
6018,7,017641,2026-08-12,9.9900,0.0100,229.7500,233.0015
6019,7,017641,2026-08-13,9.9900,0.0100,239.7400,244.4542
6020,7,017641,2026-08-14,9.9900,0.0100,249.7300,253.9923
6021,7,017641,2026-08-15,0.0000,0.0000,249.7300,253.9923
6022,7,017641,2026-08-16,0.0000,0.0000,249.7300,253.9923
6023,7,017641,2026-08-17,9.9900,0.0100,259.7200,262.7770
6024,7,017641,2026-08-18,9.9900,0.0100,269.7100,271.1780
6025,7,017641,2026-08-19,9.9900,0.0100,279.7000,281.5804
6026,7,017641,2026-08-20,9.9900,0.0100,289.6900,289.2020
6027,7,017641,2026-08-21,9.9900,0.0100,299.6800,300.4186
6028,7,017641,2026-08-22,0.0000,0.0000,299.6800,300.4186
6029,7,017641,2026-08-23,0.0000,0.0000,299.6800,300.4186
6030,7,017641,2026-08-24,9.9900,0.0100,309.6700,309.6861
6031,7,017641,2026-08-25,9.9900,0.0100,319.6600,320.6594
6032,7,017641,2026-08-26,9.9900,0.0100,329.6500,330.4426
6033,7,017641,2026-08-27,9.9900,0.0100,339.6400,342.8359
6034,7,017641,2026-08-28,9.9900,0.0100,349.6300,351.8677
6035,7,017641,2026-08-29,0.0000,0.0000,349.6300,351.8677
6036,7,017641,2026-08-30,0.0000,0.0000,349.6300,351.8677
6037,7,017641,2026-08-31,9.9900,0.0100,359.6200,360.9126
6038,7,017641,2026-09-01,9.9900,0.0100,369.6100,368.4725
6039,7,017641,2026-09-02,9.9900,0.0100,379.6000,380.1784
6040,7,017641,2026-09-03,9.9900,0.0100,389.5900,393.9380
6041,7,017641,2026-09-04,9.9900,0.0100,399.5800,402.5091
6042,7,017641,2026-09-05,0.0000,0.0000,399.5800,402.5091
6043,7,017641,2026-09-06,0.0000,0.0000,399.5800,402.5091
6044,7,017641,2026-09-07,0.0000,0.0000,399.5800,402.5326
6045,7,017641,2026-09-08,9.9900,0.0100,409.5700,410.3635
6046,7,017641,2026-09-09,9.9900,0.0100,419.5600,418.3089
6047,7,017641,2026-09-10,9.9900,0.0100,429.5500,426.0071
6048,7,017641,2026-09-11,9.9900,0.0100,439.5400,439.2776
6049,7,017641,2026-09-12,0.0000,0.0000,439.5400,439.2776
6050,7,017641,2026-09-13,0.0000,0.0000,439.5400,439.2776
6051,7,017641,2026-09-14,9.9900,0.0100,449.5300,447.0211
6052,7,017641,2026-09-15,9.9900,0.0100,459.5200,454.9774
6053,7,017641,2026-09-16,9.9900,0.0100,469.5100,462.8610
6054,7,017641,2026-09-17,9.9900,0.0100,479.5000,477.5155
6055,7,017641,2026-09-18,9.9900,0.0100,489.4900,487.8720
6056,7,017641,2026-09-19,0.0000,0.0000,489.4900,487.8720
6057,7,017641,2026-09-20,0.0000,0.0000,489.4900,487.8720
6058,7,017641,2026-09-21,9.9900,0.0100,499.4800,504.4525
6059,7,017641,2026-09-22,9.9900,0.0100,509.4700,514.3838
6060,7,017641,2026-09-23,9.9900,0.0100,519.4600,520.7807
6061,7,017641,2026-09-24,9.9900,0.0100,529.4500,530.8012
6062,7,017641,2026-09-25,0.0000,0.0000,529.4500,530.8012
6063,7,017641,2026-09-26,0.0000,0.0000,529.4500,530.8012
6064,7,017641,2026-09-27,0.0000,0.0000,529.4500,530.8012
6065,7,017641,2026-09-28,9.9900,0.0100,539.4400,538.8310
6066,7,017641,2026-09-29,9.9900,0.0100,549.4300,548.0919
6067,7,007721,2026-05-12,99.9000,0.1000,99.9000,99.9000
6068,7,007721,2026-05-13,0.0000,0.0000,99.9000,100.4541
6069,7,007721,2026-05-14,0.0000,0.0000,99.9000,101.1900
6070,7,007721,2026-05-15,0.0000,0.0000,99.9000,100.0953
6071,7,007721,2026-05-16,0.0000,0.0000,99.9000,100.0953
6072,7,007721,2026-05-17,0.0000,0.0000,99.9000,100.0953
6073,7,007721,2026-05-18,0.0000,0.0000,99.9000,99.9863
6074,7,007721,2026-05-19,0.0000,0.0000,99.9000,99.3141
6075,7,007721,2026-05-20,0.0000,0.0000,99.9000,100.2952
6076,7,007721,2026-05-21,0.0000,0.0000,99.9000,100.3542
6077,7,007721,2026-05-22,0.0000,0.0000,99.9000,100.8402
6078,7,007721,2026-05-23,0.0000,0.0000,99.9000,100.8402
6079,7,007721,2026-05-24,0.0000,0.0000,99.9000,100.8402
6080,7,007721,2026-05-25,0.0000,0.0000,99.9000,100.7585
6081,7,007721,2026-05-26,0.0000,0.0000,99.9000,101.2899
6082,7,007721,2026-05-27,0.0000,0.0000,99.9000,101.2944
6083,7,007721,2026-05-28,0.0000,0.0000,99.9000,101.7396
6084,7,007721,2026-05-29,0.0000,0.0000,99.9000,101.8940
6085,7,007721,2026-05-30,0.0000,0.0000,99.9000,101.8940
6086,7,007721,2026-05-31,0.0000,0.0000,99.9000,101.8940
6087,7,007721,2026-06-01,0.0000,0.0000,99.9000,102.0939
6088,7,007721,2026-06-02,0.0000,0.0000,99.9000,102.2665
6089,7,007721,2026-06-03,0.0000,0.0000,99.9000,101.6124
6090,7,007721,2026-06-04,0.0000,0.0000,99.9000,101.9667
6091,7,007721,2026-06-05,0.0000,0.0000,99.9000,99.6320
6092,7,007721,2026-06-06,0.0000,0.0000,99.9000,99.6320
6093,7,007721,2026-06-07,0.0000,0.0000,99.9000,99.6320
6094,7,007721,2026-06-08,0.0000,0.0000,99.9000,99.7955
6095,7,007721,2026-06-09,0.0000,0.0000,99.9000,99.3277
6096,7,007721,2026-06-10,0.0000,0.0000,99.9000,98.0332
6097,7,007721,2026-06-11,0.0000,0.0000,99.9000,99.3413
6098,7,007721,2026-06-12,0.0000,0.0000,99.9000,99.9318
6099,7,007721,2026-06-13,0.0000,0.0000,99.9000,99.9318
6100,7,007721,2026-06-14,0.0000,0.0000,99.9000,99.9318
6101,7,007721,2026-06-15,0.0000,0.0000,99.9000,101.4898
6102,7,007721,2026-06-16,0.0000,0.0000,99.9000,101.0174
6103,7,007721,2026-06-17,0.0000,0.0000,99.9000,99.9500
6104,7,007721,2026-06-18,0.0000,0.0000,99.9000,100.7539
6105,7,007721,2026-06-19,0.0000,0.0000,99.9000,100.7539
6106,7,007721,2026-06-20,0.0000,0.0000,99.9000,100.7539
6107,7,007721,2026-06-21,0.0000,0.0000,99.9000,100.7539
6108,7,007721,2026-06-22,0.0000,0.0000,99.9000,100.5086
6109,7,007721,2026-06-23,0.0000,0.0000,99.9000,99.2323
6110,7,007721,2026-06-24,0.0000,0.0000,99.9000,99.2550
6111,7,007721,2026-06-25,0.0000,0.0000,99.9000,99.2368
6112,7,007721,2026-06-26,0.0000,0.0000,99.9000,98.6464
6113,7,007721,2026-06-27,0.0000,0.0000,99.9000,98.6464
6114,7,007721,2026-06-28,0.0000,0.0000,99.9000,98.6464
6115,7,007721,2026-06-29,0.0000,0.0000,99.9000,100.0317
6116,7,007721,2026-06-30,0.0000,0.0000,99.9000,100.6722
6117,7,007721,2026-07-01,0.0000,0.0000,99.9000,100.5768
6118,7,007721,2026-07-02,0.0000,0.0000,99.9000,100.4723
6119,7,007721,2026-07-03,0.0000,0.0000,99.9000,100.4405
6120,7,007721,2026-07-04,0.0000,0.0000,99.9000,100.4405
6121,7,007721,2026-07-05,0.0000,0.0000,99.9000,100.4405
6122,7,007721,2026-07-06,0.0000,0.0000,99.9000,101.1991
6123,7,007721,2026-07-07,0.0000,0.0000,99.9000,100.7040
6124,7,007721,2026-07-08,0.0000,0.0000,99.9000,100.4087
6125,7,007721,2026-07-09,0.0000,0.0000,99.9000,101.1673
6126,7,007721,2026-07-10,0.0000,0.0000,99.9000,101.5034
6127,7,007721,2026-07-11,0.0000,0.0000,99.9000,101.5034
6128,7,007721,2026-07-12,0.0000,0.0000,99.9000,101.5034
6129,7,007721,2026-07-13,0.0000,0.0000,99.9000,100.8357
6130,7,007721,2026-07-14,0.0000,0.0000,99.9000,101.1491
6131,7,007721,2026-07-15,0.0000,0.0000,99.9000,101.3853
6132,7,007721,2026-07-16,0.0000,0.0000,99.9000,100.9583
6133,7,007721,2026-07-17,0.0000,0.0000,99.9000,100.0181
6134,7,007721,2026-07-18,0.0000,0.0000,99.9000,100.0181
6135,7,007721,2026-07-19,0.0000,0.0000,99.9000,100.0181
6136,7,007721,2026-07-20,0.0000,0.0000,99.9000,99.9227
6137,7,007721,2026-07-21,0.0000,0.0000,99.9000,100.5904
6138,7,007721,2026-07-22,0.0000,0.0000,99.9000,100.5268
6139,7,007721,2026-07-23,0.0000,0.0000,99.9000,99.2959
6140,7,007721,2026-07-24,0.0000,0.0000,99.9000,99.4912
6141,7,007721,2026-07-25,0.0000,0.0000,99.9000,99.4912
6142,7,007721,2026-07-26,0.0000,0.0000,99.9000,99.4912
6143,7,007721,2026-07-27,0.0000,0.0000,99.9000,99.3913
6144,7,007721,2026-07-28,0.0000,0.0000,99.9000,99.6638
6145,7,007721,2026-07-29,0.0000,0.0000,99.9000,98.3102
6146,7,007721,2026-07-30,0.0000,0.0000,99.9000,99.6275
6147,7,007721,2026-07-31,0.0000,0.0000,99.9000,100.2588
6148,7,007721,2026-08-01,0.0000,0.0000,99.9000,100.2588
6149,7,007721,2026-08-02,0.0000,0.0000,99.9000,100.2588
6150,7,007721,2026-08-03,0.0000,0.0000,99.9000,101.6533
6151,7,007721,2026-08-04,0.0000,0.0000,99.9000,103.3475
6152,7,007721,2026-08-05,0.0000,0.0000,99.9000,103.2112
6153,7,007721,2026-08-06,0.0000,0.0000,99.9000,103.0341
6154,7,007721,2026-08-07,0.0000,0.0000,99.9000,103.6200
6155,7,007721,2026-08-08,0.0000,0.0000,99.9000,103.6200
6156,7,007721,2026-08-09,0.0000,0.0000,99.9000,103.6200
6157,7,007721,2026-08-10,0.0000,0.0000,99.9000,103.5746
6158,7,007721,2026-08-11,0.0000,0.0000,99.9000,103.2975
6159,7,007721,2026-08-12,0.0000,0.0000,99.9000,103.4838
6160,7,007721,2026-08-13,0.0000,0.0000,99.9000,104.1287
6161,7,007721,2026-08-14,0.0000,0.0000,99.9000,103.9561
6162,7,007721,2026-08-15,0.0000,0.0000,99.9000,103.9561
6163,7,007721,2026-08-16,0.0000,0.0000,99.9000,103.9561
6164,7,007721,2026-08-17,0.0000,0.0000,99.9000,103.5246
6165,7,007721,2026-08-18,0.0000,0.0000,99.9000,102.8751
6166,7,007721,2026-08-19,0.0000,0.0000,99.9000,103.0295
6167,7,007721,2026-08-20,0.0000,0.0000,99.9000,102.1938
6168,7,007721,2026-08-21,0.0000,0.0000,99.9000,102.5344
6169,7,007721,2026-08-22,0.0000,0.0000,99.9000,102.5344
6170,7,007721,2026-08-23,0.0000,0.0000,99.9000,102.5344
6171,7,007721,2026-08-24,0.0000,0.0000,99.9000,102.2846
6172,7,007721,2026-08-25,0.0000,0.0000,99.9000,102.5799
6173,7,007721,2026-08-26,0.0000,0.0000,99.9000,102.5617
6174,7,007721,2026-08-27,0.0000,0.0000,99.9000,103.1976
6175,7,007721,2026-08-28,0.0000,0.0000,99.9000,103.0386
6176,7,007721,2026-08-29,0.0000,0.0000,99.9000,103.0386
6177,7,007721,2026-08-30,0.0000,0.0000,99.9000,103.0386
6178,7,007721,2026-08-31,0.0000,0.0000,99.9000,102.7979
6179,7,007721,2026-09-01,0.0000,0.0000,99.9000,102.0212
6180,7,007721,2026-09-02,0.0000,0.0000,99.9000,102.4618
6181,7,007721,2026-09-03,0.0000,0.0000,99.9000,103.4065
6182,7,007721,2026-09-04,0.0000,0.0000,99.9000,102.9977
6183,7,007721,2026-09-05,0.0000,0.0000,99.9000,102.9977
6184,7,007721,2026-09-06,0.0000,0.0000,99.9000,102.9977
6185,7,007721,2026-09-07,0.0000,0.0000,99.9000,102.9887
6186,7,007721,2026-09-08,0.0000,0.0000,99.9000,102.5254
6187,7,007721,2026-09-09,0.0000,0.0000,99.9000,102.0303
6188,7,007721,2026-09-10,0.0000,0.0000,99.9000,101.4943
6189,7,007721,2026-09-11,0.0000,0.0000,99.9000,102.2483
6190,7,007721,2026-09-12,0.0000,0.0000,99.9000,102.2483
6191,7,007721,2026-09-13,0.0000,0.0000,99.9000,102.2483
6192,7,007721,2026-09-14,0.0000,0.0000,99.9000,101.7487
6193,7,007721,2026-09-15,0.0000,0.0000,99.9000,101.2808
6194,7,007721,2026-09-16,0.0000,0.0000,99.9000,100.9265
6195,7,007721,2026-09-17,0.0000,0.0000,99.9000,101.7941
6196,7,007721,2026-09-18,0.0000,0.0000,99.9000,101.7986
6197,7,007721,2026-09-19,0.0000,0.0000,99.9000,101.7986
6198,7,007721,2026-09-20,0.0000,0.0000,99.9000,101.7986
6199,7,007721,2026-09-21,0.0000,0.0000,99.9000,103.1703
6200,7,007721,2026-09-22,0.0000,0.0000,99.9000,103.1749
6201,7,007721,2026-09-23,0.0000,0.0000,99.9000,102.5163
6202,7,007721,2026-09-24,0.0000,0.0000,99.9000,102.3936
6203,7,007721,2026-09-25,0.0000,0.0000,99.9000,102.3936
6204,7,007721,2026-09-26,0.0000,0.0000,99.9000,102.3936
6205,7,007721,2026-09-27,0.0000,0.0000,99.9000,102.3936
6206,7,007721,2026-09-28,0.0000,0.0000,99.9000,102.0939
6207,7,007721,2026-09-29,0.0000,0.0000,99.9000,101.9440
6208,7,008887,2026-08-03,9.9900,0.0100,9.9900,9.9900
6209,7,008887,2026-08-04,9.9900,0.0100,19.9800,20.4864
6210,7,008887,2026-08-05,9.9900,0.0100,29.9700,31.6806
6211,7,008887,2026-08-06,9.9900,0.0100,39.9600,42.0268
6212,7,008887,2026-08-07,0.0000,0.0000,39.9600,43.2803
6213,7,008887,2026-08-08,0.0000,0.0000,39.9600,43.2803
6214,7,008887,2026-08-09,0.0000,0.0000,39.9600,43.2803
6215,7,008887,2026-08-10,0.0000,0.0000,39.9600,42.9922
6216,7,008887,2026-08-11,9.9900,0.0100,49.9500,52.3317
6217,7,008887,2026-08-12,9.9900,0.0100,59.9400,63.2986
6218,7,008887,2026-08-13,9.9900,0.0100,69.9300,72.4489
6219,7,008887,2026-08-14,9.9900,0.0100,79.9200,83.0310
6220,7,008887,2026-08-15,0.0000,0.0000,79.9200,83.0310
6221,7,008887,2026-08-16,0.0000,0.0000,79.9200,83.0310
6222,7,008887,2026-08-17,9.9900,0.0100,89.9100,96.9563
6223,7,008887,2026-08-18,9.9900,0.0100,99.9000,106.9907
6224,7,008887,2026-08-19,9.9900,0.0100,109.8900,109.0803
6225,7,008887,2026-08-20,9.9900,0.0100,119.8800,117.8841
6226,7,008887,2026-08-21,9.9900,0.0100,129.8700,128.6105
6227,7,008887,2026-08-22,0.0000,0.0000,129.8700,128.6105
6228,7,008887,2026-08-23,0.0000,0.0000,129.8700,128.6105
6229,7,008887,2026-08-24,9.9900,0.0100,139.8600,134.1742
6230,7,008887,2026-08-25,9.9900,0.0100,149.8500,144.4058
6231,7,008887,2026-08-26,9.9900,0.0100,159.8400,155.9749
6232,7,008887,2026-08-27,9.9900,0.0100,169.8300,172.3018
6233,7,008887,2026-08-28,9.9900,0.0100,179.8200,178.4659
6234,7,008887,2026-08-29,0.0000,0.0000,179.8200,178.4659
6235,7,008887,2026-08-30,0.0000,0.0000,179.8200,178.4659
6236,7,008887,2026-08-31,9.9900,0.0100,189.8100,190.9855
6237,7,008887,2026-09-01,9.9900,0.0100,199.8000,196.2479
6238,7,008887,2026-09-02,9.9900,0.0100,209.7900,203.2769
6239,7,008887,2026-09-03,0.0000,0.0000,209.7900,202.2875
6240,7,008887,2026-09-04,0.0000,0.0000,209.7900,197.1321
6241,7,008887,2026-09-05,0.0000,0.0000,209.7900,197.1321
6242,7,008887,2026-09-06,0.0000,0.0000,209.7900,197.1321
6243,7,008887,2026-09-07,9.9900,0.0100,219.7800,213.3502
6244,7,008887,2026-09-08,0.0000,0.0000,219.7800,210.5967
6245,7,008887,2026-09-09,0.0000,0.0000,219.7800,209.4167
6246,7,008887,2026-09-10,0.0000,0.0000,219.7800,208.5207
6247,7,008887,2026-09-11,0.0000,0.0000,219.7800,205.8219
6248,7,008887,2026-09-12,0.0000,0.0000,219.7800,205.8219
6249,7,008887,2026-09-13,0.0000,0.0000,219.7800,205.8219
6250,7,008887,2026-09-14,9.9900,0.0100,229.7700,211.8893
6251,7,008887,2026-09-15,0.0000,0.0000,229.7700,215.5473
6252,7,008887,2026-09-16,0.0000,0.0000,229.7700,224.4228
6253,7,008887,2026-09-17,0.0000,0.0000,229.7700,222.8404
6254,7,008887,2026-09-18,0.0000,0.0000,229.7700,229.9156
6255,7,008887,2026-09-19,0.0000,0.0000,229.7700,229.9156
6256,7,008887,2026-09-20,0.0000,0.0000,229.7700,229.9156
6257,7,008887,2026-09-21,9.9900,0.0100,239.7600,240.8459
6258,7,008887,2026-09-22,0.0000,0.0000,239.7600,242.3532
6259,7,008887,2026-09-23,0.0000,0.0000,239.7600,241.5876
6260,7,008887,2026-09-24,0.0000,0.0000,239.7600,235.7495
6261,7,008887,2026-09-25,0.0000,0.0000,239.7600,235.7495
6262,7,008887,2026-09-26,0.0000,0.0000,239.7600,235.7495
6263,7,008887,2026-09-27,0.0000,0.0000,239.7600,235.7495
6264,7,008887,2026-09-28,9.9900,0.0100,249.7500,235.3433
6265,7,008887,2026-09-29,0.0000,0.0000,249.7500,237.0300
6266,7,161725,2026-07-07,113.6400,0.1100,113.6400,113.6400
6267,7,161725,2026-07-08,9.9900,0.0100,123.6300,123.6074
6268,7,161725,2026-07-09,9.9900,0.0100,133.6200,131.7800
6269,7,161725,2026-07-10,9.9900,0.0100,143.6100,146.3407
6270,7,161725,2026-07-11,0.0000,0.0000,143.6100,146.3407
6271,7,161725,2026-07-12,0.0000,0.0000,143.6100,146.3407
6272,7,161725,2026-07-13,99.9000,0.1000,243.5100,244.7862
6273,7,161725,2026-07-14,0.0000,0.0000,243.5100,246.3281
6274,7,161725,2026-07-15,0.0000,0.0000,243.5100,258.7602
6275,7,161725,2026-07-16,0.0000,0.0000,243.5100,261.3622
6276,7,161725,2026-07-17,0.0000,0.0000,243.5100,256.3509
6277,7,161725,2026-07-18,0.0000,0.0000,243.5100,256.3509
6278,7,161725,2026-07-19,0.0000,0.0000,243.5100,256.3509
6279,7,161725,2026-07-20,99.9000,0.1000,343.4100,368.8757
6280,7,161725,2026-07-21,0.0000,0.0000,343.4100,363.4569
6281,7,161725,2026-07-22,0.0000,0.0000,343.4100,368.8096
6282,7,161725,2026-07-23,0.0000,0.0000,343.4100,363.4569
6283,7,161725,2026-07-24,0.0000,0.0000,343.4100,356.5181
6284,7,161725,2026-07-25,0.0000,0.0000,343.4100,356.5181
6285,7,161725,2026-07-26,0.0000,0.0000,343.4100,356.5181
6286,7,161725,2026-07-27,99.9000,0.1000,443.3100,459.2597
6287,7,161725,2026-07-28,0.0000,0.0000,443.3100,470.6610
6288,7,161725,2026-07-29,0.0000,0.0000,443.3100,474.8837
6289,7,161725,2026-07-30,0.0000,0.0000,443.3100,493.1257
6290,7,161725,2026-07-31,0.0000,0.0000,443.3100,493.3790
6291,7,161725,2026-08-01,0.0000,0.0000,443.3100,493.3790
6292,7,161725,2026-08-02,0.0000,0.0000,443.3100,493.3790
6293,7,161725,2026-08-03,119.8800,0.1200,563.1900,608.9519
6294,7,161725,2026-08-04,0.0000,0.0000,563.1900,599.4880
6295,7,161725,2026-08-05,0.0000,0.0000,563.1900,592.4426
6296,7,161725,2026-08-06,0.0000,0.0000,563.1900,589.4983
6297,7,161725,2026-08-07,0.0000,0.0000,563.1900,593.2838
6298,7,161725,2026-08-08,0.0000,0.0000,563.1900,593.2838
6299,7,161725,2026-08-09,0.0000,0.0000,563.1900,593.2838
6300,7,161725,2026-08-10,119.8800,0.1200,683.0700,727.7804
6301,7,161725,2026-08-11,0.0000,0.0000,683.0700,720.4786
6302,7,161725,2026-08-12,0.0000,0.0000,683.0700,731.3053
6303,7,161725,2026-08-13,0.0000,0.0000,683.0700,736.9705
6304,7,161725,2026-08-14,0.0000,0.0000,683.0700,723.8777
6305,7,161725,2026-08-15,0.0000,0.0000,683.0700,723.8777
6306,7,161725,2026-08-16,0.0000,0.0000,683.0700,723.8777
6307,7,161725,2026-08-17,99.9000,0.1000,782.9700,803.5091
6308,7,161725,2026-08-18,0.0000,0.0000,782.9700,807.5346
6309,7,161725,2026-08-19,0.0000,0.0000,782.9700,795.8895
6310,7,161725,2026-08-20,0.0000,0.0000,782.9700,797.3272
6311,7,161725,2026-08-21,0.0000,0.0000,782.9700,785.5384
6312,7,161725,2026-08-22,0.0000,0.0000,782.9700,785.5384
6313,7,161725,2026-08-23,0.0000,0.0000,782.9700,785.5384
6314,7,161725,2026-08-24,99.9000,0.1000,882.8700,891.3328
6315,7,161725,2026-08-25,0.0000,0.0000,882.8700,891.3328
6316,7,161725,2026-08-26,0.0000,0.0000,882.8700,890.3613
6317,7,161725,2026-08-27,0.0000,0.0000,882.8700,884.5324
6318,7,161725,2026-08-28,0.0000,0.0000,882.8700,893.9234
6319,7,161725,2026-08-29,0.0000,0.0000,882.8700,893.9234
6320,7,161725,2026-08-30,0.0000,0.0000,882.8700,893.9234
6321,7,161725,2026-08-31,99.9000,0.1000,982.7700,984.4324
6322,7,161725,2026-09-01,0.0000,0.0000,982.7700,1007.3178
6323,7,161725,2026-09-02,0.0000,0.0000,982.7700,994.8840
6324,7,161725,2026-09-03,0.0000,0.0000,982.7700,988.3968
6325,7,161725,2026-09-04,0.0000,0.0000,982.7700,1020.1120
6326,7,161725,2026-09-05,0.0000,0.0000,982.7700,1020.1120
6327,7,161725,2026-09-06,0.0000,0.0000,982.7700,1020.1120
6328,7,161725,2026-09-07,9.9900,0.0100,992.7600,1026.8584
6329,7,161725,2026-09-08,0.0000,0.0000,992.7600,1022.1272
6330,7,161725,2026-09-09,0.0000,0.0000,992.7600,1006.1138
6331,7,161725,2026-09-10,0.0000,0.0000,992.7600,986.0971
6332,7,161725,2026-09-11,0.0000,0.0000,992.7600,971.1755
6333,7,161725,2026-09-12,0.0000,0.0000,992.7600,971.1755
6334,7,161725,2026-09-13,0.0000,0.0000,992.7600,971.1755
6335,7,161725,2026-09-14,9.9900,0.0100,1002.7500,979.7097
6336,7,161725,2026-09-15,0.0000,0.0000,1002.7500,973.4590
6337,7,161725,2026-09-16,0.0000,0.0000,1002.7500,970.5175
6338,7,161725,2026-09-17,0.0000,0.0000,1002.7500,968.6790
6339,7,161725,2026-09-18,0.0000,0.0000,1002.7500,971.2529
6340,7,161725,2026-09-19,0.0000,0.0000,1002.7500,971.2529
6341,7,161725,2026-09-20,0.0000,0.0000,1002.7500,971.2529
6342,7,161725,2026-09-21,9.9900,0.0100,1012.7400,988.5967
6343,7,161725,2026-09-22,0.0000,0.0000,1012.7400,988.0395
6344,7,161725,2026-09-23,0.0000,0.0000,1012.7400,987.2966
6345,7,161725,2026-09-24,0.0000,0.0000,1012.7400,967.2387
6346,7,161725,2026-09-25,0.0000,0.0000,1012.7400,967.2387
6347,7,161725,2026-09-26,0.0000,0.0000,1012.7400,967.2387
6348,7,161725,2026-09-27,0.0000,0.0000,1012.7400,967.2387
6349,7,161725,2026-09-28,9.9900,0.0100,1022.7300,969.4284
6350,7,161725,2026-09-29,0.0000,0.0000,1022.7300,969.9913
6351,7,013402,2026-06-08,69.9200,0.0800,69.9200,69.9200
6352,7,013402,2026-06-09,29.9600,0.0400,99.8800,100.0657
6353,7,013402,2026-06-10,0.0000,0.0000,99.8800,99.0937
6354,7,013402,2026-06-11,0.0000,0.0000,99.8800,97.7683
6355,7,013402,2026-06-12,0.0000,0.0000,99.8800,98.6898
6356,7,013402,2026-06-13,0.0000,0.0000,99.8800,98.6898
6357,7,013402,2026-06-14,0.0000,0.0000,99.8800,98.6898
6358,7,013402,2026-06-15,99.8800,0.1200,199.7600,199.7564
6359,7,013402,2026-06-16,0.0000,0.0000,199.7600,195.5148
6360,7,013402,2026-06-17,0.0000,0.0000,199.7600,195.8935
6361,7,013402,2026-06-18,0.0000,0.0000,199.7600,193.3941
6362,7,013402,2026-06-19,0.0000,0.0000,199.7600,193.3941
6363,7,013402,2026-06-20,0.0000,0.0000,199.7600,193.3941
6364,7,013402,2026-06-21,0.0000,0.0000,199.7600,193.3941
6365,7,013402,2026-06-22,99.8800,0.1200,299.6400,291.0775
6366,7,013402,2026-06-23,0.0000,0.0000,299.6400,281.9297
6367,7,013402,2026-06-24,0.0000,0.0000,299.6400,287.0417
6368,7,013402,2026-06-25,0.0000,0.0000,299.6400,282.9291
6369,7,013402,2026-06-26,0.0000,0.0000,299.6400,273.3584
6370,7,013402,2026-06-27,0.0000,0.0000,299.6400,273.3584
6371,7,013402,2026-06-28,0.0000,0.0000,299.6400,273.3584
6372,7,013402,2026-06-29,99.8800,0.1200,399.5200,381.5022
6373,7,013402,2026-06-30,0.0000,0.0000,399.5200,387.9066
6374,7,013402,2026-07-01,0.0000,0.0000,399.5200,387.5942
6375,7,013402,2026-07-02,0.0000,0.0000,399.5200,385.9280
6376,7,013402,2026-07-03,0.0000,0.0000,399.5200,389.0521
6377,7,013402,2026-07-04,0.0000,0.0000,399.5200,389.0521
6378,7,013402,2026-07-05,0.0000,0.0000,399.5200,389.0521
6379,7,013402,2026-07-06,0.0000,0.0000,399.5200,392.7489
6380,7,013402,2026-07-07,103.6100,0.1200,503.1300,493.6514
6381,7,013402,2026-07-08,0.0000,0.0000,503.1300,517.1774
6382,7,013402,2026-07-09,0.0000,0.0000,503.1300,517.4410
6383,7,013402,2026-07-10,0.0000,0.0000,503.1300,516.0571
6384,7,013402,2026-07-11,0.0000,0.0000,503.1300,516.0571
6385,7,013402,2026-07-12,0.0000,0.0000,503.1300,516.0571
6386,7,013402,2026-07-13,99.8800,0.1200,603.0100,610.7970
6387,7,013402,2026-07-14,0.0000,0.0000,603.0100,611.7424
6388,7,013402,2026-07-15,0.0000,0.0000,603.0100,618.5964
6389,7,013402,2026-07-16,0.0000,0.0000,603.0100,630.2562
6390,7,013402,2026-07-17,0.0000,0.0000,603.0100,604.0217
6391,7,013402,2026-07-18,0.0000,0.0000,603.0100,604.0217
6392,7,013402,2026-07-19,0.0000,0.0000,603.0100,604.0217
6393,7,013402,2026-07-20,99.8800,0.1200,702.8900,720.0521
6394,7,013402,2026-07-21,0.0000,0.0000,702.8900,728.7417
6395,7,013402,2026-07-22,0.0000,0.0000,702.8900,707.7036
6396,7,013402,2026-07-23,0.0000,0.0000,702.8900,711.8198
6397,7,013402,2026-07-24,0.0000,0.0000,702.8900,702.1239
6398,7,013402,2026-07-25,0.0000,0.0000,702.8900,702.1239
6399,7,013402,2026-07-26,0.0000,0.0000,702.8900,702.1239
6400,7,013402,2026-07-27,99.8800,0.1200,802.7700,812.0656
6401,7,013402,2026-07-28,0.0000,0.0000,802.7700,817.0719
6402,7,013402,2026-07-29,0.0000,0.0000,802.7700,838.6617
6403,7,013402,2026-07-30,0.0000,0.0000,802.7700,828.5447
6404,7,013402,2026-07-31,0.0000,0.0000,802.7700,832.7167
6405,7,013402,2026-08-01,0.0000,0.0000,802.7700,832.7167
6406,7,013402,2026-08-02,0.0000,0.0000,802.7700,832.7167
6407,7,013402,2026-08-03,119.8600,0.1400,922.6300,960.7119
6408,7,013402,2026-08-04,0.0000,0.0000,922.6300,962.7377
6409,7,013402,2026-08-05,0.0000,0.0000,922.6300,971.5560
6410,7,013402,2026-08-06,0.0000,0.0000,922.6300,950.5829
6411,7,013402,2026-08-07,0.0000,0.0000,922.6300,957.6136
6412,7,013402,2026-08-08,0.0000,0.0000,922.6300,957.6136
6413,7,013402,2026-08-09,0.0000,0.0000,922.6300,957.6136
6414,7,013402,2026-08-10,119.8600,0.1400,1042.4900,1088.6752
6415,7,013402,2026-08-11,0.0000,0.0000,1042.4900,1068.8567
6416,7,013402,2026-08-12,0.0000,0.0000,1042.4900,1058.5458
6417,7,013402,2026-08-13,0.0000,0.0000,1042.4900,1061.8935
6418,7,013402,2026-08-14,0.0000,0.0000,1042.4900,1043.8159
6419,7,013402,2026-08-15,0.0000,0.0000,1042.4900,1043.8159
6420,7,013402,2026-08-16,0.0000,0.0000,1042.4900,1043.8159
6421,7,013402,2026-08-17,99.8800,0.1200,1142.3700,1159.0953
6422,7,013402,2026-08-18,0.0000,0.0000,1142.3700,1150.0101
6423,7,013402,2026-08-19,0.0000,0.0000,1142.3700,1136.0893
6424,7,013402,2026-08-20,0.0000,0.0000,1142.3700,1140.0457
6425,7,013402,2026-08-21,0.0000,0.0000,1142.3700,1155.1389
6426,7,013402,2026-08-22,0.0000,0.0000,1142.3700,1155.1389
6427,7,013402,2026-08-23,0.0000,0.0000,1142.3700,1155.1389
6428,7,013402,2026-08-24,99.8800,0.1200,1242.2500,1216.0405
6429,7,013402,2026-08-25,0.0000,0.0000,1242.2500,1215.5615
6430,7,013402,2026-08-26,0.0000,0.0000,1242.2500,1224.0229
6431,7,013402,2026-08-27,0.0000,0.0000,1242.2500,1222.5860
6432,7,013402,2026-08-28,0.0000,0.0000,1242.2500,1218.2755
6433,7,013402,2026-08-29,0.0000,0.0000,1242.2500,1218.2755
6434,7,013402,2026-08-30,0.0000,0.0000,1242.2500,1218.2755
6435,7,013402,2026-08-31,99.8800,0.1200,1342.1300,1321.8274
6436,7,013402,2026-09-01,0.0000,0.0000,1342.1300,1302.8307
6437,7,013402,2026-09-02,0.0000,0.0000,1342.1300,1294.1958
6438,7,013402,2026-09-03,0.0000,0.0000,1342.1300,1280.8981
6439,7,013402,2026-09-04,0.0000,0.0000,1342.1300,1307.6662
6440,7,013402,2026-09-05,0.0000,0.0000,1342.1300,1307.6662
6441,7,013402,2026-09-06,0.0000,0.0000,1342.1300,1307.6662
6442,7,013402,2026-09-07,9.9900,0.0100,1352.1200,1306.0855
6443,7,013402,2026-09-08,0.0000,0.0000,1352.1200,1286.2462
6444,7,013402,2026-09-09,0.0000,0.0000,1352.1200,1276.1526
6445,7,013402,2026-09-10,-615.8300,0.0100,736.2900,635.4364
6446,7,013402,2026-09-11,9.9900,0.0100,746.2800,643.8356
6447,7,013402,2026-09-12,0.0000,0.0000,746.2800,643.8356
6448,7,013402,2026-09-13,0.0000,0.0000,746.2800,643.8356
6449,7,013402,2026-09-14,9.9900,0.0100,756.2700,653.1075
6450,7,013402,2026-09-15,9.9900,0.0100,766.2600,658.9039
6451,7,013402,2026-09-16,9.9900,0.0100,776.2500,673.3372
6452,7,013402,2026-09-17,9.9900,0.0100,786.2400,680.7902
6453,7,013402,2026-09-18,9.9900,0.0100,796.2300,704.4170
6454,7,013402,2026-09-19,0.0000,0.0000,796.2300,704.4170
6455,7,013402,2026-09-20,0.0000,0.0000,796.2300,704.4170
6456,7,013402,2026-09-21,9.9900,0.0100,806.2200,716.6319
6457,7,013402,2026-09-22,9.9900,0.0100,816.2100,728.4858
6458,7,013402,2026-09-23,9.9900,0.0100,826.2000,729.6233
6459,7,013402,2026-09-24,9.9900,0.0100,836.1900,737.0922
6460,7,013402,2026-09-25,0.0000,0.0000,836.1900,737.0922
6461,7,013402,2026-09-26,0.0000,0.0000,836.1900,737.0922
6462,7,013402,2026-09-27,0.0000,0.0000,836.1900,737.0922
6463,7,013402,2026-09-28,9.9900,0.0100,846.1800,735.5300
6464,7,013402,2026-09-29,9.9900,0.0100,856.1700,738.0579
12693,7,013402,2026-09-30,9.9900,0.0100,866.1600,748.0479
12694,7,161725,2026-09-30,0.0000,0.0000,1022.7300,997.2014
12695,7,008887,2026-09-30,0.0000,0.0000,249.7500,237.0300
12696,7,019851,2026-09-30,0.0000,0.0000,1998.4000,2014.3765
12697,7,017641,2026-09-30,9.9900,0.0100,559.4200,558.0819
12698,7,016452,2026-09-30,9.9900,0.0100,429.5700,438.7763
12699,7,270042,2026-09-30,0.0000,0.0000,504.4600,514.0685
12700,7,007721,2026-09-30,0.0000,0.0000,99.9000,101.9440
12701,7,011803,2026-09-30,0.0000,0.0000,999.2000,1032.9471
16709,15,270042,2026-07-01,1000.0000,0.0000,1000.0000,1000.0000
16710,15,270042,2026-07-02,0.0000,0.0000,1000.0000,983.7227
16711,15,270042,2026-07-03,0.0000,0.0000,1000.0000,983.0741
16712,15,270042,2026-07-04,0.0000,0.0000,1000.0000,983.0741
16713,15,270042,2026-07-05,0.0000,0.0000,1000.0000,983.0741
16714,15,270042,2026-07-06,0.0000,0.0000,1000.0000,995.7475
16715,15,270042,2026-07-07,0.0000,0.0000,1000.0000,977.6563
16716,15,270042,2026-07-08,0.0000,0.0000,1000.0000,980.5033
16717,15,270042,2026-07-09,0.0000,0.0000,1000.0000,995.8316
16718,15,270042,2026-07-10,0.0000,0.0000,1000.0000,998.3182
16719,15,270042,2026-07-11,0.0000,0.0000,1000.0000,998.3182
16720,15,270042,2026-07-12,0.0000,0.0000,1000.0000,998.3182
16721,15,270042,2026-07-13,0.0000,0.0000,1000.0000,979.0858
16722,15,270042,2026-07-14,0.0000,0.0000,1000.0000,989.9694
16723,15,270042,2026-07-15,0.0000,0.0000,1000.0000,985.8370
16724,15,270042,2026-07-16,0.0000,0.0000,1000.0000,969.7279
16725,15,270042,2026-07-17,0.0000,0.0000,1000.0000,955.3967
16726,15,270042,2026-07-18,0.0000,0.0000,1000.0000,955.3967
16727,15,270042,2026-07-19,0.0000,0.0000,1000.0000,955.3967
16728,15,270042,2026-07-20,0.0000,0.0000,1000.0000,955.8292
16729,15,270042,2026-07-21,0.0000,0.0000,1000.0000,973.7161
16730,15,270042,2026-07-22,0.0000,0.0000,1000.0000,968.6588
16731,15,270042,2026-07-23,0.0000,0.0000,1000.0000,949.9189
16732,15,270042,2026-07-24,0.0000,0.0000,1000.0000,939.1555
16733,15,270042,2026-07-25,0.0000,0.0000,1000.0000,939.1555
16734,15,270042,2026-07-26,0.0000,0.0000,1000.0000,939.1555
16735,15,270042,2026-07-27,0.0000,0.0000,1000.0000,935.5036
16736,15,270042,2026-07-28,0.0000,0.0000,1000.0000,926.3619
16737,15,270042,2026-07-29,0.0000,0.0000,1000.0000,906.7211
16738,15,270042,2026-07-30,0.0000,0.0000,1000.0000,936.8611
16739,15,270042,2026-07-31,0.0000,0.0000,1000.0000,942.2548
16740,15,270042,2026-08-01,0.0000,0.0000,1000.0000,942.2548
16741,15,270042,2026-08-02,0.0000,0.0000,1000.0000,942.2548
16742,15,270042,2026-08-03,0.0000,0.0000,1000.0000,958.9885
16743,15,270042,2026-08-04,0.0000,0.0000,1000.0000,991.4109
16744,15,270042,2026-08-05,0.0000,0.0000,1000.0000,982.5815
16745,15,270042,2026-08-06,0.0000,0.0000,1000.0000,978.7735
16746,15,270042,2026-08-07,0.0000,0.0000,1000.0000,990.4979
16747,15,270042,2026-08-08,0.0000,0.0000,1000.0000,990.4979
16748,15,270042,2026-08-09,0.0000,0.0000,1000.0000,990.4979
16749,15,270042,2026-08-10,0.0000,0.0000,1000.0000,986.8701
16750,15,270042,2026-08-11,0.0000,0.0000,1000.0000,983.7708
16751,15,270042,2026-08-12,0.0000,0.0000,1000.0000,990.8703
16752,15,270042,2026-08-13,0.0000,0.0000,1000.0000,1002.4506
16753,15,270042,2026-08-14,0.0000,0.0000,1000.0000,1001.0211
16754,15,270042,2026-08-15,0.0000,0.0000,1000.0000,1001.0211
16755,15,270042,2026-08-16,0.0000,0.0000,1000.0000,1001.0211
16756,15,270042,2026-08-17,0.0000,0.0000,1000.0000,999.2432
16757,15,270042,2026-08-18,0.0000,0.0000,1000.0000,982.6176
16758,15,270042,2026-08-19,0.0000,0.0000,1000.0000,979.5904
16759,15,270042,2026-08-20,0.0000,0.0000,1000.0000,971.9983
16760,15,270042,2026-08-21,0.0000,0.0000,1000.0000,975.3258
16761,15,270042,2026-08-22,0.0000,0.0000,1000.0000,975.3258
16762,15,270042,2026-08-23,0.0000,0.0000,1000.0000,975.3258
16763,15,270042,2026-08-24,0.0000,0.0000,1000.0000,965.9679
16764,15,270042,2026-08-25,0.0000,0.0000,1000.0000,972.0464
16765,15,270042,2026-08-26,0.0000,0.0000,1000.0000,972.3227
16766,15,270042,2026-08-27,0.0000,0.0000,1000.0000,986.1854
16767,15,270042,2026-08-28,0.0000,0.0000,1000.0000,978.8936
16768,15,270042,2026-08-29,0.0000,0.0000,1000.0000,978.8936
16769,15,270042,2026-08-30,0.0000,0.0000,1000.0000,978.8936
16770,15,270042,2026-08-31,0.0000,0.0000,1000.0000,979.7826
16771,15,270042,2026-09-01,0.0000,0.0000,1000.0000,966.8208
16772,15,270042,2026-09-02,0.0000,0.0000,1000.0000,969.2354
16773,15,270042,2026-09-03,0.0000,0.0000,1000.0000,980.2270
16774,15,270042,2026-09-04,0.0000,0.0000,1000.0000,981.9449
16775,15,270042,2026-09-05,0.0000,0.0000,1000.0000,981.9449
16776,15,270042,2026-09-06,0.0000,0.0000,1000.0000,981.9449
16777,15,270042,2026-09-07,0.0000,0.0000,1000.0000,982.0049
16778,15,270042,2026-09-08,0.0000,0.0000,1000.0000,980.8637
16779,15,270042,2026-09-09,0.0000,0.0000,1000.0000,977.5122
16780,15,270042,2026-09-10,0.0000,0.0000,1000.0000,966.8689
16781,15,270042,2026-09-11,0.0000,0.0000,1000.0000,975.1577
16782,15,270042,2026-09-12,0.0000,0.0000,1000.0000,975.1577
16783,15,270042,2026-09-13,0.0000,0.0000,1000.0000,975.1577
16784,15,270042,2026-09-14,0.0000,0.0000,1000.0000,966.4004
16785,15,270042,2026-09-15,0.0000,0.0000,1000.0000,959.6733
16786,15,270042,2026-09-16,0.0000,0.0000,1000.0000,959.2528
16787,15,270042,2026-09-17,0.0000,0.0000,1000.0000,975.1336
16788,15,270042,2026-09-18,0.0000,0.0000,1000.0000,980.7076
16789,15,270042,2026-09-19,0.0000,0.0000,1000.0000,980.7076
16790,15,270042,2026-09-20,0.0000,0.0000,1000.0000,980.7076
16791,15,270042,2026-09-21,0.0000,0.0000,1000.0000,1008.4329
16792,15,270042,2026-09-22,0.0000,0.0000,1000.0000,1016.2652
16793,15,270042,2026-09-23,0.0000,0.0000,1000.0000,1007.6281
16794,15,270042,2026-09-24,0.0000,0.0000,1000.0000,1008.1086
16795,15,270042,2026-09-25,0.0000,0.0000,1000.0000,1008.1086
16796,15,270042,2026-09-26,0.0000,0.0000,1000.0000,1008.1086
16797,15,270042,2026-09-27,0.0000,0.0000,1000.0000,1008.1086
16798,15,270042,2026-09-28,0.0000,0.0000,1000.0000,999.9880
16799,15,270042,2026-09-29,0.0000,0.0000,1000.0000,1002.0782
16800,15,270042,2026-09-30,0.0000,0.0000,1000.0000,1002.0782
16801,15,270042,2026-10-01,0.0000,0.0000,1000.0000,1002.0782
16802,15,008887,2026-09-25,500.0000,0.0000,500.0000,500.0000
16803,15,008887,2026-09-26,0.0000,0.0000,500.0000,500.0000
16804,15,008887,2026-09-27,0.0000,0.0000,500.0000,500.0000
16805,15,008887,2026-09-28,0.0000,0.0000,500.0000,477.9509
16806,15,008887,2026-09-29,0.0000,0.0000,500.0000,481.3762
16807,15,008887,2026-09-30,0.0000,0.0000,500.0000,466.5077
16808,15,008887,2026-10-01,0.0000,0.0000,500.0000,466.5077
16909,16,000051,2026-04-15,299.6400,0.3600,299.6400,299.6400
16910,16,000051,2026-04-16,0.0000,0.0000,299.6400,302.7687
16911,16,000051,2026-04-17,0.0000,0.0000,299.6400,302.2926
16912,16,000051,2026-04-18,0.0000,0.0000,299.6400,302.2926
16913,16,000051,2026-04-19,0.0000,0.0000,299.6400,302.2926
16914,16,000051,2026-04-20,0.0000,0.0000,299.6400,304.0440
16915,16,000051,2026-04-21,0.0000,0.0000,299.6400,304.7411
16916,16,000051,2026-04-22,0.0000,0.0000,299.6400,306.8666
16917,16,000051,2026-04-23,0.0000,0.0000,299.6400,306.0504
16918,16,000051,2026-04-24,0.0000,0.0000,299.6400,305.0812
16919,16,000051,2026-04-25,0.0000,0.0000,299.6400,305.0812
16920,16,000051,2026-04-26,0.0000,0.0000,299.6400,305.0812
16921,16,000051,2026-04-27,0.0000,0.0000,299.6400,305.1492
16922,16,000051,2026-04-28,0.0000,0.0000,299.6400,304.3840
16923,16,000051,2026-04-29,0.0000,0.0000,299.6400,307.5807
16924,16,000051,2026-04-30,0.0000,0.0000,299.6400,307.4277
16925,16,000051,2026-05-01,0.0000,0.0000,299.6400,307.4277
16926,16,000051,2026-05-02,0.0000,0.0000,299.6400,307.4277
16927,16,000051,2026-05-03,0.0000,0.0000,299.6400,307.4277
16928,16,000051,2026-05-04,0.0000,0.0000,299.6400,307.4277
16929,16,000051,2026-05-05,0.0000,0.0000,299.6400,307.4277
16930,16,000051,2026-05-06,0.0000,0.0000,299.6400,311.7127
16931,16,000051,2026-05-07,0.0000,0.0000,299.6400,313.1240
16932,16,000051,2026-05-08,0.0000,0.0000,299.6400,311.3896
16933,16,000051,2026-05-09,-314.6900,0.0000,0.0000,0.0000
16934,16,000051,2026-05-10,0.0000,0.0000,0.0000,0.0000
16935,16,000051,2026-05-11,0.0000,0.0000,0.0000,0.0000
16936,16,000051,2026-05-12,0.0000,0.0000,0.0000,0.0000
16937,16,000051,2026-05-13,0.0000,0.0000,0.0000,0.0000
16938,16,000051,2026-05-14,0.0000,0.0000,0.0000,0.0000
16939,16,000051,2026-05-15,0.0000,0.0000,0.0000,0.0000
16940,16,000051,2026-05-16,0.0000,0.0000,0.0000,0.0000
16941,16,000051,2026-05-17,0.0000,0.0000,0.0000,0.0000
16942,16,000051,2026-05-18,0.0000,0.0000,0.0000,0.0000
16943,16,000051,2026-05-19,0.0000,0.0000,0.0000,0.0000
16944,16,000051,2026-05-20,0.0000,0.0000,0.0000,0.0000
16945,16,000051,2026-05-21,0.0000,0.0000,0.0000,0.0000
16946,16,000051,2026-05-22,0.0000,0.0000,0.0000,0.0000
16947,16,000051,2026-05-23,0.0000,0.0000,0.0000,0.0000
16948,16,000051,2026-05-24,0.0000,0.0000,0.0000,0.0000
16949,16,000051,2026-05-25,0.0000,0.0000,0.0000,0.0000
16950,16,000051,2026-05-26,0.0000,0.0000,0.0000,0.0000
16951,16,000051,2026-05-27,0.0000,0.0000,0.0000,0.0000
16952,16,000051,2026-05-28,0.0000,0.0000,0.0000,0.0000
16953,16,000051,2026-05-29,0.0000,0.0000,0.0000,0.0000
16954,16,000051,2026-05-30,0.0000,0.0000,0.0000,0.0000
16955,16,000051,2026-05-31,0.0000,0.0000,0.0000,0.0000
16956,16,000051,2026-06-01,0.0000,0.0000,0.0000,0.0000
16957,16,000051,2026-06-02,0.0000,0.0000,0.0000,0.0000
16958,16,000051,2026-06-03,0.0000,0.0000,0.0000,0.0000
16959,16,000051,2026-06-04,0.0000,0.0000,0.0000,0.0000
16960,16,000051,2026-06-05,0.0000,0.0000,0.0000,0.0000
16961,16,000051,2026-06-06,0.0000,0.0000,0.0000,0.0000
16962,16,000051,2026-06-07,0.0000,0.0000,0.0000,0.0000
16963,16,000051,2026-06-08,0.0000,0.0000,0.0000,0.0000
16964,16,000051,2026-06-09,0.0000,0.0000,0.0000,0.0000
16965,16,000051,2026-06-10,0.0000,0.0000,0.0000,0.0000
16966,16,000051,2026-06-11,0.0000,0.0000,0.0000,0.0000
16967,16,000051,2026-06-12,0.0000,0.0000,0.0000,0.0000
16968,16,000051,2026-06-13,0.0000,0.0000,0.0000,0.0000
16969,16,000051,2026-06-14,0.0000,0.0000,0.0000,0.0000
16970,16,000051,2026-06-15,0.0000,0.0000,0.0000,0.0000
16971,16,000051,2026-06-16,0.0000,0.0000,0.0000,0.0000
16972,16,000051,2026-06-17,0.0000,0.0000,0.0000,0.0000
16973,16,000051,2026-06-18,0.0000,0.0000,0.0000,0.0000
16974,16,000051,2026-06-19,0.0000,0.0000,0.0000,0.0000
16975,16,000051,2026-06-20,0.0000,0.0000,0.0000,0.0000
16976,16,000051,2026-06-21,0.0000,0.0000,0.0000,0.0000
16977,16,000051,2026-06-22,0.0000,0.0000,0.0000,0.0000
16978,16,000051,2026-06-23,0.0000,0.0000,0.0000,0.0000
16979,16,000051,2026-06-24,0.0000,0.0000,0.0000,0.0000
16980,16,000051,2026-06-25,0.0000,0.0000,0.0000,0.0000
16981,16,000051,2026-06-26,0.0000,0.0000,0.0000,0.0000
16982,16,000051,2026-06-27,0.0000,0.0000,0.0000,0.0000
16983,16,000051,2026-06-28,0.0000,0.0000,0.0000,0.0000
16984,16,000051,2026-06-29,0.0000,0.0000,0.0000,0.0000
16985,16,000051,2026-06-30,0.0000,0.0000,0.0000,0.0000
16986,16,000051,2026-07-01,0.0000,0.0000,0.0000,0.0000
16987,16,000051,2026-07-02,0.0000,0.0000,0.0000,0.0000
16988,16,000051,2026-07-03,0.0000,0.0000,0.0000,0.0000
16989,16,000051,2026-07-04,0.0000,0.0000,0.0000,0.0000
16990,16,000051,2026-07-05,0.0000,0.0000,0.0000,0.0000
16991,16,000051,2026-07-06,0.0000,0.0000,0.0000,0.0000
16992,16,000051,2026-07-07,0.0000,0.0000,0.0000,0.0000
16993,16,000051,2026-07-08,0.0000,0.0000,0.0000,0.0000
16994,16,000051,2026-07-09,0.0000,0.0000,0.0000,0.0000
16995,16,000051,2026-07-10,0.0000,0.0000,0.0000,0.0000
16996,16,000051,2026-07-11,0.0000,0.0000,0.0000,0.0000
16997,16,000051,2026-07-12,0.0000,0.0000,0.0000,0.0000
16998,16,000051,2026-07-13,0.0000,0.0000,0.0000,0.0000
16999,16,000051,2026-07-14,0.0000,0.0000,0.0000,0.0000
17000,16,000051,2026-07-15,0.0000,0.0000,0.0000,0.0000
17001,16,000051,2026-07-16,0.0000,0.0000,0.0000,0.0000
17002,16,000051,2026-07-17,0.0000,0.0000,0.0000,0.0000
17003,16,000051,2026-07-18,0.0000,0.0000,0.0000,0.0000
17004,16,000051,2026-07-19,0.0000,0.0000,0.0000,0.0000
17005,16,000051,2026-07-20,0.0000,0.0000,0.0000,0.0000
17006,16,000051,2026-07-21,0.0000,0.0000,0.0000,0.0000
17007,16,000051,2026-07-22,0.0000,0.0000,0.0000,0.0000
17008,16,000051,2026-07-23,0.0000,0.0000,0.0000,0.0000
17009,16,000051,2026-07-24,0.0000,0.0000,0.0000,0.0000
17010,16,000051,2026-07-25,0.0000,0.0000,0.0000,0.0000
17011,16,000051,2026-07-26,0.0000,0.0000,0.0000,0.0000
17012,16,000051,2026-07-27,0.0000,0.0000,0.0000,0.0000
17013,16,000051,2026-07-28,0.0000,0.0000,0.0000,0.0000
17014,16,000051,2026-07-29,0.0000,0.0000,0.0000,0.0000
17015,16,000051,2026-07-30,0.0000,0.0000,0.0000,0.0000
17016,16,000051,2026-07-31,0.0000,0.0000,0.0000,0.0000
17017,16,000051,2026-08-01,0.0000,0.0000,0.0000,0.0000
17018,16,000051,2026-08-02,0.0000,0.0000,0.0000,0.0000
17019,16,000051,2026-08-03,0.0000,0.0000,0.0000,0.0000
17020,16,000051,2026-08-04,0.0000,0.0000,0.0000,0.0000
17021,16,000051,2026-08-05,0.0000,0.0000,0.0000,0.0000
17022,16,000051,2026-08-06,0.0000,0.0000,0.0000,0.0000
17023,16,000051,2026-08-07,0.0000,0.0000,0.0000,0.0000
17024,16,000051,2026-08-08,0.0000,0.0000,0.0000,0.0000
17025,16,000051,2026-08-09,0.0000,0.0000,0.0000,0.0000
17026,16,000051,2026-08-10,0.0000,0.0000,0.0000,0.0000
17027,16,000051,2026-08-11,0.0000,0.0000,0.0000,0.0000
17028,16,000051,2026-08-12,0.0000,0.0000,0.0000,0.0000
17029,16,000051,2026-08-13,0.0000,0.0000,0.0000,0.0000
17030,16,000051,2026-08-14,0.0000,0.0000,0.0000,0.0000
17031,16,000051,2026-08-15,0.0000,0.0000,0.0000,0.0000
17032,16,000051,2026-08-16,0.0000,0.0000,0.0000,0.0000
17033,16,000051,2026-08-17,0.0000,0.0000,0.0000,0.0000
17034,16,000051,2026-08-18,0.0000,0.0000,0.0000,0.0000
17035,16,000051,2026-08-19,0.0000,0.0000,0.0000,0.0000
17036,16,000051,2026-08-20,0.0000,0.0000,0.0000,0.0000
17037,16,000051,2026-08-21,0.0000,0.0000,0.0000,0.0000
17038,16,000051,2026-08-22,0.0000,0.0000,0.0000,0.0000
17039,16,000051,2026-08-23,0.0000,0.0000,0.0000,0.0000
17040,16,000051,2026-08-24,0.0000,0.0000,0.0000,0.0000
17041,16,000051,2026-08-25,0.0000,0.0000,0.0000,0.0000
17042,16,000051,2026-08-26,0.0000,0.0000,0.0000,0.0000
17043,16,000051,2026-08-27,0.0000,0.0000,0.0000,0.0000
17044,16,000051,2026-08-28,0.0000,0.0000,0.0000,0.0000
17045,16,000051,2026-08-29,0.0000,0.0000,0.0000,0.0000
17046,16,000051,2026-08-30,0.0000,0.0000,0.0000,0.0000
17047,16,000051,2026-08-31,0.0000,0.0000,0.0000,0.0000
17048,16,000051,2026-09-01,0.0000,0.0000,0.0000,0.0000
17049,16,000051,2026-09-02,0.0000,0.0000,0.0000,0.0000
17050,16,000051,2026-09-03,0.0000,0.0000,0.0000,0.0000
17051,16,000051,2026-09-04,0.0000,0.0000,0.0000,0.0000
17052,16,000051,2026-09-05,0.0000,0.0000,0.0000,0.0000
17053,16,000051,2026-09-06,0.0000,0.0000,0.0000,0.0000
17054,16,000051,2026-09-07,0.0000,0.0000,0.0000,0.0000
17055,16,000051,2026-09-08,0.0000,0.0000,0.0000,0.0000
17056,16,000051,2026-09-09,0.0000,0.0000,0.0000,0.0000
17057,16,000051,2026-09-10,0.0000,0.0000,0.0000,0.0000
17058,16,000051,2026-09-11,0.0000,0.0000,0.0000,0.0000
17059,16,000051,2026-09-12,0.0000,0.0000,0.0000,0.0000
17060,16,000051,2026-09-13,0.0000,0.0000,0.0000,0.0000
17061,16,000051,2026-09-14,0.0000,0.0000,0.0000,0.0000
17062,16,000051,2026-09-15,0.0000,0.0000,0.0000,0.0000
17063,16,000051,2026-09-16,0.0000,0.0000,0.0000,0.0000
17064,16,000051,2026-09-17,0.0000,0.0000,0.0000,0.0000
17065,16,000051,2026-09-18,0.0000,0.0000,0.0000,0.0000
17066,16,000051,2026-09-19,0.0000,0.0000,0.0000,0.0000
17067,16,000051,2026-09-20,0.0000,0.0000,0.0000,0.0000
17068,16,000051,2026-09-21,0.0000,0.0000,0.0000,0.0000
17069,16,000051,2026-09-22,0.0000,0.0000,0.0000,0.0000
17070,16,000051,2026-09-23,0.0000,0.0000,0.0000,0.0000
17071,16,000051,2026-09-24,0.0000,0.0000,0.0000,0.0000
17072,16,000051,2026-09-25,0.0000,0.0000,0.0000,0.0000
17073,16,000051,2026-09-26,0.0000,0.0000,0.0000,0.0000
17074,16,000051,2026-09-27,0.0000,0.0000,0.0000,0.0000
17075,16,000051,2026-09-28,0.0000,0.0000,0.0000,0.0000
17076,16,000051,2026-09-29,9.9900,0.0100,9.9900,9.9900
17077,16,000051,2026-09-30,9.9900,0.0100,19.9800,20.0087
18779,16,008887,2026-09-01,500.0000,0.0000,500.0000,500.0000
18780,16,008887,2026-09-02,0.0000,0.0000,500.0000,492.4560
18781,16,008887,2026-09-03,0.0000,0.0000,500.0000,490.0590
18782,16,008887,2026-09-04,0.0000,0.0000,500.0000,477.5698
18783,16,008887,2026-09-05,0.0000,0.0000,500.0000,477.5698
18784,16,008887,2026-09-06,0.0000,0.0000,500.0000,477.5698
18785,16,008887,2026-09-07,0.0000,0.0000,500.0000,492.6578
18786,16,008887,2026-09-08,0.0000,0.0000,500.0000,486.2996
18787,16,008887,2026-09-09,0.0000,0.0000,500.0000,483.5747
18788,16,008887,2026-09-10,0.0000,0.0000,500.0000,481.5058
18789,16,008887,2026-09-11,0.0000,0.0000,500.0000,475.2738
18790,16,008887,2026-09-12,0.0000,0.0000,500.0000,475.2738
18791,16,008887,2026-09-13,0.0000,0.0000,500.0000,475.2738
18792,16,008887,2026-09-14,0.0000,0.0000,500.0000,466.2159
18793,16,008887,2026-09-15,0.0000,0.0000,500.0000,474.2645
18794,16,008887,2026-09-16,0.0000,0.0000,500.0000,493.7932
18795,16,008887,2026-09-17,0.0000,0.0000,500.0000,490.3113
18796,16,008887,2026-09-18,0.0000,0.0000,500.0000,505.8788
18797,16,008887,2026-09-19,0.0000,0.0000,500.0000,505.8788
18798,16,008887,2026-09-20,0.0000,0.0000,500.0000,505.8788
18799,16,008887,2026-09-21,0.0000,0.0000,500.0000,507.9477
18800,16,008887,2026-09-22,0.0000,0.0000,500.0000,511.1268
18801,16,008887,2026-09-23,0.0000,0.0000,500.0000,509.5120
18802,16,008887,2026-09-24,0.0000,0.0000,500.0000,497.1994
18803,16,008887,2026-09-25,0.0000,0.0000,500.0000,497.1994
18804,16,008887,2026-09-26,0.0000,0.0000,500.0000,497.1994
18805,16,008887,2026-09-27,0.0000,0.0000,500.0000,497.1994
18806,16,008887,2026-09-28,0.0000,0.0000,500.0000,475.2738
18807,16,008887,2026-09-29,0.0000,0.0000,500.0000,478.6799
18808,16,008887,2026-09-30,0.0000,0.0000,500.0000,463.8946
18841,7,000051,2026-10-01,0.0000,0.0000,19.9800,20.0087
18842,7,013402,2026-10-01,0.0000,0.0000,866.1600,748.0479
18843,7,161725,2026-10-01,0.0000,0.0000,1022.7300,997.2014
18844,7,008887,2026-10-01,0.0000,0.0000,249.7500,229.7087
18845,7,019851,2026-10-01,0.0000,0.0000,1998.4000,2014.3765
18846,7,017641,2026-10-01,0.0000,0.0000,559.4200,558.0819
18847,7,016452,2026-10-01,0.0000,0.0000,429.5700,438.7763
18848,7,270042,2026-10-01,0.0000,0.0000,504.4600,514.0685
18849,7,007721,2026-10-01,0.0000,0.0000,99.9000,101.9440
18850,7,011803,2026-10-01,0.0000,0.0000,999.2000,1032.9471
18851,7,000051,2026-04-15,299.6400,0.3600,299.6400,299.6400
18852,7,000051,2026-04-16,0.0000,0.0000,299.6400,302.7687
18853,7,000051,2026-04-17,0.0000,0.0000,299.6400,302.2926
18854,7,000051,2026-04-18,0.0000,0.0000,299.6400,302.2926
18855,7,000051,2026-04-19,0.0000,0.0000,299.6400,302.2926
18856,7,000051,2026-04-20,0.0000,0.0000,299.6400,304.0440
18857,7,000051,2026-04-21,0.0000,0.0000,299.6400,304.7411
18858,7,000051,2026-04-22,0.0000,0.0000,299.6400,306.8666
18859,7,000051,2026-04-23,0.0000,0.0000,299.6400,306.0504
18860,7,000051,2026-04-24,0.0000,0.0000,299.6400,305.0812
18861,7,000051,2026-04-25,0.0000,0.0000,299.6400,305.0812
18862,7,000051,2026-04-26,0.0000,0.0000,299.6400,305.0812
18863,7,000051,2026-04-27,0.0000,0.0000,299.6400,305.1492
18864,7,000051,2026-04-28,0.0000,0.0000,299.6400,304.3840
18865,7,000051,2026-04-29,0.0000,0.0000,299.6400,307.5807
18866,7,000051,2026-04-30,0.0000,0.0000,299.6400,307.4277
18867,7,000051,2026-05-01,0.0000,0.0000,299.6400,307.4277
18868,7,000051,2026-05-02,0.0000,0.0000,299.6400,307.4277
18869,7,000051,2026-05-03,0.0000,0.0000,299.6400,307.4277
18870,7,000051,2026-05-04,0.0000,0.0000,299.6400,307.4277
18871,7,000051,2026-05-05,0.0000,0.0000,299.6400,307.4277
18872,7,000051,2026-05-06,0.0000,0.0000,299.6400,311.7127
18873,7,000051,2026-05-07,0.0000,0.0000,299.6400,313.1240
18874,7,000051,2026-05-08,0.0000,0.0000,299.6400,311.3896
18875,7,000051,2026-05-09,-314.6900,0.0000,0.0000,0.0000
18876,7,000051,2026-05-10,0.0000,0.0000,0.0000,0.0000
18877,7,000051,2026-05-11,0.0000,0.0000,0.0000,0.0000
18878,7,000051,2026-05-12,0.0000,0.0000,0.0000,0.0000
18879,7,000051,2026-05-13,0.0000,0.0000,0.0000,0.0000
18880,7,000051,2026-05-14,0.0000,0.0000,0.0000,0.0000
18881,7,000051,2026-05-15,0.0000,0.0000,0.0000,0.0000
18882,7,000051,2026-05-16,0.0000,0.0000,0.0000,0.0000
18883,7,000051,2026-05-17,0.0000,0.0000,0.0000,0.0000
18884,7,000051,2026-05-18,0.0000,0.0000,0.0000,0.0000
18885,7,000051,2026-05-19,0.0000,0.0000,0.0000,0.0000
18886,7,000051,2026-05-20,0.0000,0.0000,0.0000,0.0000
18887,7,000051,2026-05-21,0.0000,0.0000,0.0000,0.0000
18888,7,000051,2026-05-22,0.0000,0.0000,0.0000,0.0000
18889,7,000051,2026-05-23,0.0000,0.0000,0.0000,0.0000
18890,7,000051,2026-05-24,0.0000,0.0000,0.0000,0.0000
18891,7,000051,2026-05-25,0.0000,0.0000,0.0000,0.0000
18892,7,000051,2026-05-26,0.0000,0.0000,0.0000,0.0000
18893,7,000051,2026-05-27,0.0000,0.0000,0.0000,0.0000
18894,7,000051,2026-05-28,0.0000,0.0000,0.0000,0.0000
18895,7,000051,2026-05-29,0.0000,0.0000,0.0000,0.0000
18896,7,000051,2026-05-30,0.0000,0.0000,0.0000,0.0000
18897,7,000051,2026-05-31,0.0000,0.0000,0.0000,0.0000
18898,7,000051,2026-06-01,0.0000,0.0000,0.0000,0.0000
18899,7,000051,2026-06-02,0.0000,0.0000,0.0000,0.0000
18900,7,000051,2026-06-03,0.0000,0.0000,0.0000,0.0000
18901,7,000051,2026-06-04,0.0000,0.0000,0.0000,0.0000
18902,7,000051,2026-06-05,0.0000,0.0000,0.0000,0.0000
18903,7,000051,2026-06-06,0.0000,0.0000,0.0000,0.0000
18904,7,000051,2026-06-07,0.0000,0.0000,0.0000,0.0000
18905,7,000051,2026-06-08,0.0000,0.0000,0.0000,0.0000
18906,7,000051,2026-06-09,0.0000,0.0000,0.0000,0.0000
18907,7,000051,2026-06-10,0.0000,0.0000,0.0000,0.0000
18908,7,000051,2026-06-11,0.0000,0.0000,0.0000,0.0000
18909,7,000051,2026-06-12,0.0000,0.0000,0.0000,0.0000
18910,7,000051,2026-06-13,0.0000,0.0000,0.0000,0.0000
18911,7,000051,2026-06-14,0.0000,0.0000,0.0000,0.0000
18912,7,000051,2026-06-15,0.0000,0.0000,0.0000,0.0000
18913,7,000051,2026-06-16,0.0000,0.0000,0.0000,0.0000
18914,7,000051,2026-06-17,0.0000,0.0000,0.0000,0.0000
18915,7,000051,2026-06-18,0.0000,0.0000,0.0000,0.0000
18916,7,000051,2026-06-19,0.0000,0.0000,0.0000,0.0000
18917,7,000051,2026-06-20,0.0000,0.0000,0.0000,0.0000
18918,7,000051,2026-06-21,0.0000,0.0000,0.0000,0.0000
18919,7,000051,2026-06-22,0.0000,0.0000,0.0000,0.0000
18920,7,000051,2026-06-23,0.0000,0.0000,0.0000,0.0000
18921,7,000051,2026-06-24,0.0000,0.0000,0.0000,0.0000
18922,7,000051,2026-06-25,0.0000,0.0000,0.0000,0.0000
18923,7,000051,2026-06-26,0.0000,0.0000,0.0000,0.0000
18924,7,000051,2026-06-27,0.0000,0.0000,0.0000,0.0000
18925,7,000051,2026-06-28,0.0000,0.0000,0.0000,0.0000
18926,7,000051,2026-06-29,0.0000,0.0000,0.0000,0.0000
18927,7,000051,2026-06-30,0.0000,0.0000,0.0000,0.0000
18928,7,000051,2026-07-01,0.0000,0.0000,0.0000,0.0000
18929,7,000051,2026-07-02,0.0000,0.0000,0.0000,0.0000
18930,7,000051,2026-07-03,0.0000,0.0000,0.0000,0.0000
18931,7,000051,2026-07-04,0.0000,0.0000,0.0000,0.0000
18932,7,000051,2026-07-05,0.0000,0.0000,0.0000,0.0000
18933,7,000051,2026-07-06,0.0000,0.0000,0.0000,0.0000
18934,7,000051,2026-07-07,0.0000,0.0000,0.0000,0.0000
18935,7,000051,2026-07-08,0.0000,0.0000,0.0000,0.0000
18936,7,000051,2026-07-09,0.0000,0.0000,0.0000,0.0000
18937,7,000051,2026-07-10,0.0000,0.0000,0.0000,0.0000
18938,7,000051,2026-07-11,0.0000,0.0000,0.0000,0.0000
18939,7,000051,2026-07-12,0.0000,0.0000,0.0000,0.0000
18940,7,000051,2026-07-13,0.0000,0.0000,0.0000,0.0000
18941,7,000051,2026-07-14,0.0000,0.0000,0.0000,0.0000
18942,7,000051,2026-07-15,0.0000,0.0000,0.0000,0.0000
18943,7,000051,2026-07-16,0.0000,0.0000,0.0000,0.0000
18944,7,000051,2026-07-17,0.0000,0.0000,0.0000,0.0000
18945,7,000051,2026-07-18,0.0000,0.0000,0.0000,0.0000
18946,7,000051,2026-07-19,0.0000,0.0000,0.0000,0.0000
18947,7,000051,2026-07-20,0.0000,0.0000,0.0000,0.0000
18948,7,000051,2026-07-21,0.0000,0.0000,0.0000,0.0000
18949,7,000051,2026-07-22,0.0000,0.0000,0.0000,0.0000
18950,7,000051,2026-07-23,0.0000,0.0000,0.0000,0.0000
18951,7,000051,2026-07-24,0.0000,0.0000,0.0000,0.0000
18952,7,000051,2026-07-25,0.0000,0.0000,0.0000,0.0000
18953,7,000051,2026-07-26,0.0000,0.0000,0.0000,0.0000
18954,7,000051,2026-07-27,0.0000,0.0000,0.0000,0.0000
18955,7,000051,2026-07-28,0.0000,0.0000,0.0000,0.0000
18956,7,000051,2026-07-29,0.0000,0.0000,0.0000,0.0000
18957,7,000051,2026-07-30,0.0000,0.0000,0.0000,0.0000
18958,7,000051,2026-07-31,0.0000,0.0000,0.0000,0.0000
18959,7,000051,2026-08-01,0.0000,0.0000,0.0000,0.0000
18960,7,000051,2026-08-02,0.0000,0.0000,0.0000,0.0000
18961,7,000051,2026-08-03,0.0000,0.0000,0.0000,0.0000
18962,7,000051,2026-08-04,0.0000,0.0000,0.0000,0.0000
18963,7,000051,2026-08-05,0.0000,0.0000,0.0000,0.0000
18964,7,000051,2026-08-06,0.0000,0.0000,0.0000,0.0000
18965,7,000051,2026-08-07,0.0000,0.0000,0.0000,0.0000
18966,7,000051,2026-08-08,0.0000,0.0000,0.0000,0.0000
18967,7,000051,2026-08-09,0.0000,0.0000,0.0000,0.0000
18968,7,000051,2026-08-10,0.0000,0.0000,0.0000,0.0000
18969,7,000051,2026-08-11,0.0000,0.0000,0.0000,0.0000
18970,7,000051,2026-08-12,0.0000,0.0000,0.0000,0.0000
18971,7,000051,2026-08-13,0.0000,0.0000,0.0000,0.0000
18972,7,000051,2026-08-14,0.0000,0.0000,0.0000,0.0000
18973,7,000051,2026-08-15,0.0000,0.0000,0.0000,0.0000
18974,7,000051,2026-08-16,0.0000,0.0000,0.0000,0.0000
18975,7,000051,2026-08-17,0.0000,0.0000,0.0000,0.0000
18976,7,000051,2026-08-18,0.0000,0.0000,0.0000,0.0000
18977,7,000051,2026-08-19,0.0000,0.0000,0.0000,0.0000
18978,7,000051,2026-08-20,0.0000,0.0000,0.0000,0.0000
18979,7,000051,2026-08-21,0.0000,0.0000,0.0000,0.0000
18980,7,000051,2026-08-22,0.0000,0.0000,0.0000,0.0000
18981,7,000051,2026-08-23,0.0000,0.0000,0.0000,0.0000
18982,7,000051,2026-08-24,0.0000,0.0000,0.0000,0.0000
18983,7,000051,2026-08-25,0.0000,0.0000,0.0000,0.0000
18984,7,000051,2026-08-26,0.0000,0.0000,0.0000,0.0000
18985,7,000051,2026-08-27,0.0000,0.0000,0.0000,0.0000
18986,7,000051,2026-08-28,0.0000,0.0000,0.0000,0.0000
18987,7,000051,2026-08-29,0.0000,0.0000,0.0000,0.0000
18988,7,000051,2026-08-30,0.0000,0.0000,0.0000,0.0000
18989,7,000051,2026-08-31,0.0000,0.0000,0.0000,0.0000
18990,7,000051,2026-09-01,0.0000,0.0000,0.0000,0.0000
18991,7,000051,2026-09-02,0.0000,0.0000,0.0000,0.0000
18992,7,000051,2026-09-03,0.0000,0.0000,0.0000,0.0000
18993,7,000051,2026-09-04,0.0000,0.0000,0.0000,0.0000
18994,7,000051,2026-09-05,0.0000,0.0000,0.0000,0.0000
18995,7,000051,2026-09-06,0.0000,0.0000,0.0000,0.0000
18996,7,000051,2026-09-07,0.0000,0.0000,0.0000,0.0000
18997,7,000051,2026-09-08,0.0000,0.0000,0.0000,0.0000
18998,7,000051,2026-09-09,0.0000,0.0000,0.0000,0.0000
18999,7,000051,2026-09-10,0.0000,0.0000,0.0000,0.0000
19000,7,000051,2026-09-11,0.0000,0.0000,0.0000,0.0000
19001,7,000051,2026-09-12,0.0000,0.0000,0.0000,0.0000
19002,7,000051,2026-09-13,0.0000,0.0000,0.0000,0.0000
19003,7,000051,2026-09-14,0.0000,0.0000,0.0000,0.0000
19004,7,000051,2026-09-15,0.0000,0.0000,0.0000,0.0000
19005,7,000051,2026-09-16,0.0000,0.0000,0.0000,0.0000
19006,7,000051,2026-09-17,0.0000,0.0000,0.0000,0.0000
19007,7,000051,2026-09-18,0.0000,0.0000,0.0000,0.0000
19008,7,000051,2026-09-19,0.0000,0.0000,0.0000,0.0000
19009,7,000051,2026-09-20,0.0000,0.0000,0.0000,0.0000
19010,7,000051,2026-09-21,0.0000,0.0000,0.0000,0.0000
19011,7,000051,2026-09-22,0.0000,0.0000,0.0000,0.0000
19012,7,000051,2026-09-23,0.0000,0.0000,0.0000,0.0000
19013,7,000051,2026-09-24,0.0000,0.0000,0.0000,0.0000
19014,7,000051,2026-09-25,0.0000,0.0000,0.0000,0.0000
19015,7,000051,2026-09-26,0.0000,0.0000,0.0000,0.0000
19016,7,000051,2026-09-27,0.0000,0.0000,0.0000,0.0000
19017,7,000051,2026-09-28,0.0000,0.0000,0.0000,0.0000
19018,7,000051,2026-09-29,9.9900,0.0100,9.9900,9.9900
19019,7,000051,2026-09-30,9.9900,0.0100,19.9800,20.0087
